id,year,gender,jobtenure,pos,procjust,valuefit,sickdays,jobsat,distjust,jobstrain,perf,training,pos_l1,perf_l1,procjust_l1,valuefit_l1,sickdays_l1,jobsat_l1,distjust_l1,jobstrain_l1,training_l1
1,2014,1,8,2.25,3.25,3.6700001,0,1.8200002,4,1.67,2,0,,,,,,,,,
1,2015,1,9,2.5,4,2.6700001,0,1.8000002,3,3.6700001,1.1,0,2.25,1,3.25,3.6700001,0,1.8200002,4,1.67,0
1,2016,1,10,2.75,3,3.3299999,0,2.4000001,2.3299999,3.3299999,1.9,0,2.5,1,4,2.6700001,0,1.8000002,3,3.6700001,0
2,2014,2,15,2.25,3,3.6700001,0,2.8200002,4,3.6700001,4.8000002,1,,,,,,,,,
2,2015,2,16,3,3,3.6700001,2,1.6999998,4.6700001,4.3299999,1.6,0,2.25,4,3,3.6700001,0,2.8200002,4,3.6700001,1
2,2016,2,17,2.75,2.25,4.3299999,0,2.4000001,3.6700001,3.6700001,3.9000001,1,3,1,3,3.6700001,2,1.6999998,4.6700001,4.3299999,0
3,2014,1,20,2.75,2.75,2.6700001,0,3.73,5,2,5.0999999,1,,,,,,,,,
3,2015,1,21,1.75,3.25,3.6700001,0,2.6999998,5,3.3299999,4.5,1,2.75,5,2.75,2.6700001,0,3.73,5,2,1
3,2016,1,22,1.5,3.25,3,2,3.9000001,5,3.3299999,3.3,1,1.75,4,3.25,3.6700001,0,2.6999998,5,3.3299999,1
4,2014,1,4,3.5,3.25,4.6700001,0,2.73,4,2,4.8000002,1,,,,,,,,,
4,2015,1,5,2.75,3,4.6700001,0,1.4000001,4,2.3299999,3.0999999,0,3.5,4,3.25,4.6700001,0,2.73,4,2,1
4,2016,1,6,2.75,3.5,4.3299999,3,2.5,3.6700001,2.6700001,3.7,0,2.75,3,3,4.6700001,0,1.4000001,4,2.3299999,0
5,2014,1,8,4.25,5,4.3299999,0,.17999983,3,1.33,3,0,,,,,,,,,
5,2015,1,9,3.75,5,5,0,1.3999996,3,2.3299999,2.2,0,4.25,3,5,4.3299999,0,.17999983,3,1.33,0
5,2016,1,10,3.25,3.5,4.3299999,0,1.8000002,2.6700001,2.3299999,3.0999999,0,3.75,2,5,5,0,1.3999996,3,2.3299999,0
6,2014,2,6,3.5,4,4,0,1.4499998,3,4,5.9000001,1,,,,,,,,,
6,2015,2,7,3.5,3,3.3299999,0,1.4000001,3,5,4.4000001,1,3.5,5,4,4,0,1.4499998,3,4,1
6,2016,2,8,3.25,3,3,0,.5999999,2,3.3299999,5.4000001,1,3.5,4,3,3.3299999,0,1.4000001,3,5,1
7,2014,1,4,1.5,3.25,3.6700001,0,2.73,4.6700001,3.6700001,3.8,1,,,,,,,,,
7,2015,1,5,2.5,4,4.3299999,2,1.6999998,5.3299999,3.6700001,3.7,0,1.5,3,3.25,3.6700001,0,2.73,4.6700001,3.6700001,1
7,2016,1,6,2.5,4.5,4,0,2.4000001,5,4.3299999,3.9000001,1,2.5,3,4,4.3299999,2,1.6999998,5.3299999,3.6700001,0
8,2014,1,7,4.25,4.5,4.6700001,0,.26999998,2,1,2.4000001,0,,,,,,,,,
8,2015,1,8,3.75,4,4.6700001,1,1.5,3.0599999,2.3299999,2.2,0,4.25,2,4.5,4.6700001,0,.26999998,2,1,0
8,2016,1,9,4.5,4.25,4.6700001,0,.099999905,2.6700001,2,4.3000002,1,3.75,2,4,4.6700001,1,1.5,3.0599999,2.3299999,0
11,2014,2,2,3,2.25,3,0,2.27,4.3299999,3.6700001,5.5,0,,,,,,,,,
11,2015,2,3,3.25,1.75,3.6700001,0,1,4.3299999,4.5999999,5.1999998,1,3,5,2.25,3,0,2.27,4.3299999,3.6700001,0
11,2016,2,4,3.75,1.75,4,9,2.0999999,5,4,5.0999999,1,3.25,5,1.75,3.6700001,0,1,4.3299999,4.5999999,1
12,2014,1,6,5,5,5,0,0,2,1,2.5,0,,,,,,,,,
12,2015,1,7,4.25,4,3.6700001,0,1.3000002,3.3299999,2.6700001,2.2,1,5,2,5,5,0,0,2,1,0
12,2016,1,8,3.75,3.5,4.3299999,1,2.1999998,3.3299999,2.3299999,3.7,0,4.25,2,4,3.6700001,0,1.3000002,3.3299999,2.6700001,1
13,2014,1,10,1,1.5,3,0,4.4499998,6,5,4.0999999,0,,,,,,,,,
13,2015,1,11,1.5,1,2.3299999,0,3.3,6,5,4.1999998,0,1,4,1.5,3,0,4.4499998,6,5,0
13,2016,1,12,2,2.25,2.6700001,2,5.3000002,5,5,3.3,0,1.5,4,1,2.3299999,0,3.3,6,5,0
14,2014,2,13,3.5,3.75,3.6700001,5,.73000002,3,2,4.5999999,1,,,,,,,,,
14,2015,2,14,3.25,4.5,3,13,1.9000001,2,1.67,5.6999998,1,3.5,4,3.75,3.6700001,5,.73000002,3,2,1
14,2016,2,15,3.25,4.5,2.3299999,0,.5999999,2,1.33,5,1,3.25,5,4.5,3,13,1.9000001,2,1.67,1
15,2014,1,6,4.25,3.75,4,0,1,4,3,4.0999999,1,,,,,,,,,
15,2015,1,7,4,3,3,0,2.4000001,3.6700001,3,4.5999999,1,4.25,4,3.75,4,0,1,4,3,1
15,2016,1,8,3.5,2.5,3.6700001,0,1.8000002,3.6700001,3.3299999,5.4000001,0,4,4,3,3,0,2.4000001,3.6700001,3,1
16,2014,1,7,3.5,4,3.3299999,0,1,3,4,2.9000001,1,,,,,,,,,
16,2015,1,8,3.75,4.5,3.6700001,17,2.4000001,3,3.3299999,3,1,3.5,2,4,3.3299999,0,1,3,4,1
16,2016,1,9,4.5,3.25,2.6700001,0,1.0999999,3.6700001,4,4.3000002,1,3.75,2,4.5,3.6700001,17,2.4000001,3,3.3299999,1
17,2014,1,16,3,3.5,3,3,2.27,4,3.3299999,5,1,,,,,,,,,
17,2015,1,17,3.5,4,3.6700001,0,1.0999999,3.3299999,5,4.5,1,3,5,3.5,3,3,2.27,4,3.3299999,1
17,2016,1,18,3.25,4.75,4.6700001,0,2,3.6700001,3.3299999,5.5999999,1,3.5,4,4,3.6700001,0,1.0999999,3.3299999,5,1
18,2014,1,20,3.5,4,4,0,1.1799998,3,1,1.3,1,,,,,,,,,
18,2015,1,21,3.25,4.5,3.6700001,1,1.1999998,2.3299999,4,2.5,1,3.5,1,4,4,0,1.1799998,3,1,1
18,2016,1,22,3.75,4.5,4.3299999,1,.30000019,3.3299999,4.6700001,3.2,0,3.25,2,4.5,3.6700001,1,1.1999998,2.3299999,4,1
19,2014,2,8,4,4,4,28,1.1799998,3,2,5.9000001,1,,,,,,,,,
19,2015,2,9,3.25,3.75,4,0,1.0999999,3.6700001,2.3299999,3.5999999,0,4,5,4,4,28,1.1799998,3,2,1
19,2016,2,10,3.25,3.5,4,0,.5,3,3,3.9000001,1,3.25,3,3.75,4,0,1.0999999,3.6700001,2.3299999,0
20,2014,1,1,4.5,4.25,5,0,.90999985,5,1.67,3.0999999,0,,,,,,,,,
20,2015,1,2,4.5,3.5,3.6700001,0,2.3000002,4,1.33,3.2,0,4.5,3,4.25,5,0,.90999985,5,1.67,0
20,2016,1,3,4.5,3,4.6700001,6,1.8000002,4.6700001,2,3.5999999,0,4.5,3,3.5,3.6700001,0,2.3000002,4,1.33,0
21,2014,1,2,3.5,3.75,4,0,1,3.3299999,2,3.5,0,,,,,,,,,
21,2015,1,3,4.5,4.25,4.3299999,0,2.1999998,3.3299999,3.9400001,2.9000001,0,3.5,3,3.75,4,0,1,3.3299999,2,0
21,2016,1,4,4.5,4.75,4,2,1,3.3299999,4,3.7,0,4.5,2,4.25,4.3299999,0,2.1999998,3.3299999,3.9400001,0
22,2014,2,3,4,4,4,2,1.73,5,4.3299999,4.6999998,1,,,,,,,,,
22,2015,2,4,4,3.25,4,0,.5,5.6700001,4.5999999,3.9000001,0,4,4,4,4,2,1.73,5,4.3299999,1
22,2016,2,5,4.75,3.5,4,1,2.0999999,5,4,3.8,0,4,3,3.25,4,0,.5,5.6700001,4.5999999,0
23,2014,2,5,2.25,3.75,4.3299999,0,3.0899999,5,4,3.2,0,,,,,,,,,
23,2015,2,6,3,4.25,4,0,2,6,5,2.9000001,1,2.25,3,3.75,4.3299999,0,3.0899999,5,4,0
23,2016,2,7,3.75,3.25,5,3,3.9000001,4.3299999,4.3299999,3.0999999,0,3,2,4.25,4,0,2,6,5,1
24,2014,2,2,4,3.25,4,0,.82000017,4,2.3299999,4.8000002,1,,,,,,,,,
24,2015,2,3,4.25,3,4,0,2.1999998,2.6700001,3.3299999,4,1,4,4,3.25,4,0,.82000017,4,2.3299999,1
24,2016,2,4,4.75,2.25,4,1,.5999999,3.6700001,3.3299999,3.3,1,4.25,4,3,4,0,2.1999998,2.6700001,3.3299999,1
26,2014,1,1,3.75,3.5,3.6700001,0,.82000017,3.6700001,2,5.1999998,1,,,,,,,,,
26,2015,1,2,3.5,3.25,4.6700001,2,2.3000002,2.3299999,4.3299999,3.5999999,1,3.75,5,3.5,3.6700001,0,.82000017,3.6700001,2,1
26,2016,1,3,4,3.5,4.3299999,1,.19999981,3,4.3299999,4,1,3.5,3,3.25,4.6700001,2,2.3000002,2.3299999,4.3299999,1
28,2014,1,20,2.5,3.25,4,0,3.45,5,3.3299999,3.4000001,1,,,,,,,,,
28,2015,1,21,2.75,2.5,3.6700001,0,2.3000002,4,3.6700001,2.7,1,2.5,3,3.25,4,0,3.45,5,3.3299999,1
28,2016,1,22,2.75,2,3.6700001,0,4.0999999,4.6700001,4,2.2,0,2.75,2,2.5,3.6700001,0,2.3000002,4,3.6700001,1
29,2014,1,10,2,2.25,4,0,3,4.6700001,2,5.5,1,,,,,,,,,
29,2015,1,11,1.25,1.5,3.3299999,2,1.9000001,4.3299999,3.9400001,5,1,2,5,2.25,4,0,3,4.6700001,2,1
29,2016,1,12,2.75,2,2.3299999,2,2.3000002,5,3.3299999,3.5,0,1.25,4,1.5,3.3299999,2,1.9000001,4.3299999,3.9400001,1
30,2014,1,1,4,4,3.6700001,0,1.8200002,4.6700001,2.6700001,3.9000001,1,,,,,,,,,
30,2015,1,2,3.75,4.5,3,0,1.8000002,4.6700001,4.6700001,2.9000001,1,4,3,4,3.6700001,0,1.8200002,4.6700001,2.6700001,1
30,2016,1,3,3.75,3.75,3,9,1.1999998,4.6700001,5,4.4000001,1,3.75,2,4.5,3,0,1.8000002,4.6700001,4.6700001,1
31,2014,1,5,4,4,4,0,1.3600001,3,2,3.5,0,,,,,,,,,
31,2015,1,6,4.25,5,3.3299999,0,1.3000002,3.6700001,4.3299999,4.8000002,0,4,3,4,4,0,1.3600001,3,2,0
31,2016,1,7,5,3.5,3,5,.5999999,3.6700001,5,3.5,0,4.25,4,5,3.3299999,0,1.3000002,3.6700001,4.3299999,0
33,2014,2,20,3.5,4,3,2,1,3,2,3.9000001,0,,,,,,,,,
33,2015,2,21,4.25,5,3.3299999,3,2.3000002,2.3299999,3.6700001,4,1,3.5,3,4,3,2,1,3,2,0
33,2016,2,22,4.25,4.5,4,14,.80000019,2.3299999,3.6700001,3.2,0,4.25,4,5,3.3299999,3,2.3000002,2.3299999,3.6700001,1
34,2014,2,16,3.75,3.25,3,0,.44999981,4.6700001,3,5.0999999,1,,,,,,,,,
34,2015,2,17,3.25,3.5,3,0,1.9000001,4.3299999,5,4.4000001,1,3.75,5,3.25,3,0,.44999981,4.6700001,3,1
34,2016,2,18,2.75,2.75,4,0,1,5,4.3299999,5.4000001,1,3.25,4,3.5,3,0,1.9000001,4.3299999,5,1
35,2014,2,9,4.25,3.5,4,4,1,5,2.6700001,1.6,1,,,,,,,,,
35,2015,2,10,4.25,3.75,4.6700001,0,2.4000001,5,4.3299999,1.5,0,4.25,1,3.5,4,4,1,5,2.6700001,1
35,2016,2,11,4.25,3.25,4.3299999,10,1.4000001,4.3299999,4.3299999,1.1,1,4.25,1,3.75,4.6700001,0,2.4000001,5,4.3299999,0
40,2014,2,2,3.75,4.25,4,0,1.5500002,3.3299999,2,3.3,0,,,,,,,,,
40,2015,2,3,3.25,4.75,4.6700001,1,.4000001,3,3.9400001,3.2,1,3.75,3,4.25,4,0,1.5500002,3.3299999,2,0
40,2016,2,4,2.75,4,4,1,1,2,4,3,0,3.25,3,4.75,4.6700001,1,.4000001,3,3.9400001,1
44,2014,1,2,4,2.75,4.6700001,0,1.4499998,5,2.3299999,2.0999999,1,,,,,,,,,
44,2015,1,3,3.25,3.25,5,11,1.3000002,5,4.3299999,3.2,0,4,2,2.75,4.6700001,0,1.4499998,5,2.3299999,1
44,2016,1,4,2.75,3,4.3299999,20,2.0999999,5,4.6700001,3.8,0,3.25,3,3.25,5,11,1.3000002,5,4.3299999,0
45,2014,2,21,4,4,4,5,.82000017,3,2,4.0999999,0,,,,,,,,,
45,2015,2,22,3.5,3,4.6700001,1,2.0999999,2,3.6700001,3.4000001,1,4,4,4,4,5,.82000017,3,2,0
45,2016,2,23,3.25,3,3.6700001,0,1.1999998,3.6700001,4.3299999,4.6999998,1,3.5,3,3,4.6700001,1,2.0999999,2,3.6700001,1
46,2014,1,8,3.75,3,3.3299999,5,1.8200002,3.6700001,2.3299999,2.5999999,0,,,,,,,,,
46,2015,1,9,3.25,3.75,2.6700001,2,1.8000002,2.3299999,3.6700001,2.5,1,3.75,2,3,3.3299999,5,1.8200002,3.6700001,2.3299999,0
46,2016,1,10,3.5,4.25,3,0,1.4000001,3,3.6700001,1.4,1,3.25,2,3.75,2.6700001,2,1.8000002,2.3299999,3.6700001,1
47,2014,1,26,3.75,4.5,5,0,.82000017,3.6700001,4,3.2,0,,,,,,,,,
47,2015,1,27,3.5,3.25,3.6700001,0,2.1999998,4,5,3.5999999,0,3.75,3,4.5,5,0,.82000017,3.6700001,4,0
47,2016,1,28,3.25,2.25,4,1,0,4,4.6700001,3.3,0,3.5,3,3.25,3.6700001,0,2.1999998,4,5,0
48,2014,1,1,4.5,4.5,3.3299999,0,1,5,2.6700001,2.4000001,0,,,,,,,,,
48,2015,1,2,4.75,3.5,3,0,2.4000001,4.6700001,3.6700001,2.8,0,4.5,2,4.5,3.3299999,0,1,5,2.6700001,0
48,2016,1,3,3.25,3,3.3299999,0,1.8000002,4,3.6700001,2.8,1,4.75,2,3.5,3,0,2.4000001,4.6700001,3.6700001,0
51,2014,2,6,4.25,4,5,0,.73000002,3,1,5,1,,,,,,,,,
51,2015,2,7,5,4,4.3299999,1,2,3.3299999,2.3299999,3.5,1,4.25,4,4,5,0,.73000002,3,1,1
51,2016,2,8,4.75,4,5,14,.30000019,4,2,2.3,1,5,3,4,4.3299999,1,2,3.3299999,2.3299999,1
52,2014,1,10,4,4,4.3299999,0,1.0900002,3.6700001,3,2.7,1,,,,,,,,,
52,2015,1,11,4.75,3.5,4.3299999,11,2.3000002,4,5,2.0999999,1,4,2,4,4.3299999,0,1.0900002,3.6700001,3,1
52,2016,1,12,3.25,4.5,3.6700001,0,1,4.6700001,3.6700001,2,1,4.75,2,3.5,4.3299999,11,2.3000002,4,5,1
53,2014,2,4,3.75,4,3.6700001,4,1,3,1,4,1,,,,,,,,,
53,2015,2,5,4.25,3.75,3.6700001,0,2.4000001,2.6700001,2.6700001,4.3000002,1,3.75,4,4,3.6700001,4,1,3,1,1
53,2016,2,6,3.5,4,4.6700001,0,1,3,3,3.8,0,4.25,4,3.75,3.6700001,0,2.4000001,2.6700001,2.6700001,1
54,2014,1,2,4,4,4,3,1.27,3.6700001,2,5,1,,,,,,,,,
54,2015,1,3,3.25,4.5,4.6700001,1,1.1999998,4.3299999,3.3299999,2.8,1,4,4,4,4,3,1.27,3.6700001,2,1
54,2016,1,4,3,5,4.6700001,0,2,3.6700001,2.6700001,4.5,1,3.25,2,4.5,4.6700001,1,1.1999998,4.3299999,3.3299999,1
55,2014,2,5,3.25,3.75,4,0,1.27,3.6700001,2.6700001,4.6999998,1,,,,,,,,,
55,2015,2,6,3.25,3.25,3.3299999,14,1.1999998,3,5,4,0,3.25,4,3.75,4,0,1.27,3.6700001,2.6700001,1
55,2016,2,7,3,4,3.6700001,1,1.9000001,4,4.6700001,2.2,1,3.25,3,3.25,3.3299999,14,1.1999998,3,5,0
56,2014,2,7,2.5,3.25,3.3299999,2,1.5500002,4,3.3299999,5.3000002,1,,,,,,,,,
56,2015,2,8,1.75,3.5,3,0,1.5,3.3299999,4.5999999,3.2,1,2.5,5,3.25,3.3299999,2,1.5500002,4,3.3299999,1
56,2016,2,9,1.25,4.5,2.3299999,13,2.1999998,3.3299999,4,3.9000001,0,1.75,3,3.5,3,0,1.5,3.3299999,4.5999999,1
57,2014,2,28,2.75,3,4,10,2.5500002,4.6700001,4,3.4000001,1,,,,,,,,,
57,2015,2,29,2.75,3.5,4.6700001,0,1.3000002,3.3299999,5,4.8000002,1,2.75,3,3,4,10,2.5500002,4.6700001,4,1
57,2016,2,30,2.25,3.75,4.3299999,2,2.9000001,3.3299999,4.6700001,3.5,0,2.75,4,3.5,4.6700001,0,1.3000002,3.3299999,5,1
59,2014,1,3,1.5,3.5,3.6700001,0,2.0900002,4.3299999,4,2.5,1,,,,,,,,,
59,2015,1,4,2,4.5,4,2,.9000001,4.3299999,4.5999999,2.4000001,1,1.5,2,3.5,3.6700001,0,2.0900002,4.3299999,4,1
59,2016,1,5,2.5,4,3.3299999,2,2.4000001,4.6700001,4.3299999,2.9000001,1,2,2,4.5,4,2,.9000001,4.3299999,4.5999999,1
61,2014,1,8,3,3,3.6700001,0,2.3600001,4.3299999,3,3.5999999,1,,,,,,,,,
61,2015,1,9,3.75,2.75,3.6700001,0,1.1999998,5,5,4.5,1,3,3,3,3.6700001,0,2.3600001,4.3299999,3,1
61,2016,1,10,4.75,3.5,2.6700001,0,2.3000002,5.3299999,3.3299999,4.9000001,0,3.75,4,2.75,3.6700001,0,1.1999998,5,5,1
64,2014,1,1,4.25,4.5,5,0,.55000019,3,1,4.5999999,1,,,,,,,,,
64,2015,1,2,4.25,4.75,3.3299999,15,1.8000002,2.3299999,1.67,2.3,1,4.25,4,4.5,5,0,.55000019,3,1,1
64,2016,1,3,4.75,4.75,3.6700001,0,.099999905,3.6700001,2.3299999,3.5999999,0,4.25,2,4.75,3.3299999,15,1.8000002,2.3299999,1.67,1
66,2014,1,4,2,2.25,4,13,3.0899999,5.3299999,4,4,1,,,,,,,,,
66,2015,1,5,1.5,3.25,3.6700001,5,1.8000002,6,5,3.3,1,2,3,2.25,4,13,3.0899999,5.3299999,4,1
66,2016,1,6,1.75,2.75,3.3299999,0,2.1999998,5,4.6700001,4.3000002,1,1.5,3,3.25,3.6700001,5,1.8000002,6,5,1
68,2014,1,21,1.75,2,3,15,4.27,6,4,3.5999999,0,,,,,,,,,
68,2015,1,22,2.25,2,3,0,3.0999999,6,4.6700001,4,0,1.75,3,2,3,15,4.27,6,4,0
68,2016,1,23,2.5,2,3.3299999,0,4.9000001,6,4,3.8,0,2.25,3,2,3,0,3.0999999,6,4.6700001,0
71,2014,2,11,3.75,3.5,3,0,1,3.6700001,2,4.0999999,1,,,,,,,,,
71,2015,2,12,2.75,4.25,3,0,2.4000001,3,2.6700001,3.4000001,0,3.75,4,3.5,3,0,1,3.6700001,2,1
71,2016,2,13,3,4.75,2.3299999,0,.19999981,3.6700001,2,3.7,0,2.75,3,4.25,3,0,2.4000001,3,2.6700001,0
72,2014,1,13,3,3.25,3.3299999,0,1.5500002,3,2.3299999,1.6,0,,,,,,,,,
72,2015,1,14,3.25,3,2.6700001,0,.4000001,2,3.6700001,1.8,1,3,1,3.25,3.3299999,0,1.5500002,3,2.3299999,0
72,2016,1,15,3.5,2.25,2,1,2,3.6700001,4,2.5,1,3.25,1,3,2.6700001,0,.4000001,2,3.6700001,1
73,2014,2,12,3.5,3.5,2,0,2.0900002,4,4,2.7,1,,,,,,,,,
73,2015,2,13,3.75,3.75,2.3299999,0,1,4,3.6700001,2.5,1,3.5,2,3.5,2,0,2.0900002,4,4,1
73,2016,2,14,4,2.75,2,0,1.5999999,4,3.3299999,2.8,1,3.75,2,3.75,2.3299999,0,1,4,3.6700001,1
74,2014,1,2,2.25,3,2.6700001,0,2.8200002,4.6700001,3.6700001,3.3,0,,,,,,,,,
74,2015,1,3,1.75,4,3.6700001,18,1.5999999,3.6700001,4.3299999,2.4000001,1,2.25,3,3,2.6700001,0,2.8200002,4.6700001,3.6700001,0
74,2016,1,4,1.25,4.25,4.3299999,0,2.4000001,2.6700001,4,3.3,1,1.75,2,4,3.6700001,18,1.5999999,3.6700001,4.3299999,1
75,2014,2,21,2.5,2.75,4,1,2.9099998,5,4,4.0999999,1,,,,,,,,,
75,2015,2,22,3.5,3.5,3.6700001,13,1.9000001,4.6700001,5,4.4000001,1,2.5,4,2.75,4,1,2.9099998,5,4,1
75,2016,2,23,3.75,2.75,3.3299999,2,3.2,4,5,3.3,0,3.5,4,3.5,3.6700001,13,1.9000001,4.6700001,5,1
76,2014,1,2,3,3,3.3299999,0,2.0900002,4,2.6700001,4.5,1,,,,,,,,,
76,2015,1,3,2.5,2.75,4,0,1.0999999,4.3299999,3.6700001,3.7,0,3,4,3,3.3299999,0,2.0900002,4,2.6700001,1
76,2016,1,4,2,2.5,4.3299999,0,2,4.3299999,4.3299999,4.5,1,2.5,3,2.75,4,0,1.0999999,4.3299999,3.6700001,0
77,2014,1,4,3.25,3.5,3,0,1.8200002,3.6700001,2.3299999,3.3,0,,,,,,,,,
77,2015,1,5,3.75,4.5,3,0,1.6999998,3.6700001,4,2.2,1,3.25,3,3.5,3,0,1.8200002,3.6700001,2.3299999,0
77,2016,1,6,3.75,5,3,2,1.5999999,3.6700001,3.3299999,4.6999998,1,3.75,2,4.5,3,0,1.6999998,3.6700001,4,1
78,2014,2,6,3.75,3.5,4,0,1,4,3,5.4000001,1,,,,,,,,,
78,2015,2,7,3,4,4.3299999,7,2.3000002,4.3299999,4.3299999,3.9000001,0,3.75,5,3.5,4,0,1,4,3,1
78,2016,2,8,3.25,4.75,4.3299999,1,1.0999999,3.6700001,5,4.6999998,1,3,3,4,4.3299999,7,2.3000002,4.3299999,4.3299999,0
79,2014,1,10,2.25,3,4.6700001,6,3.27,6,3,3.4000001,0,,,,,,,,,
79,2015,1,11,2.5,3.75,5,0,2,5,5,2.9000001,1,2.25,3,3,4.6700001,6,3.27,6,3,0
79,2016,1,12,3.25,3.25,4.6700001,1,2.4000001,5.3299999,3.6700001,3.3,0,2.5,2,3.75,5,0,2,5,5,1
80,2014,1,7,2.5,3,4,3,2.8200002,4.3299999,2.6700001,4.3000002,0,,,,,,,,,
80,2015,1,8,3.25,3.75,5,2,1.5,4.6700001,3.9400001,3.9000001,0,2.5,4,3,4,3,2.8200002,4.3299999,2.6700001,0
80,2016,1,9,3.75,3.75,3.6700001,0,2.9000001,4.3299999,4.6700001,3.5,0,3.25,3,3.75,5,2,1.5,4.6700001,3.9400001,0
82,2014,2,4,3.25,3.5,3,12,2.5500002,4.6700001,4,3,0,,,,,,,,,
82,2015,2,5,4,3.25,3.6700001,2,1.3000002,4,4.3299999,3.4000001,0,3.25,3,3.5,3,12,2.5500002,4.6700001,4,0
82,2016,2,6,4.5,4.25,4.3299999,20,2,3,4,2.5999999,1,4,3,3.25,3.6700001,2,1.3000002,4,4.3299999,0
83,2014,1,15,2.75,3,4,33,2.73,4.6700001,3.3299999,3.5,0,,,,,,,,,
83,2015,1,16,2.25,2,4.3299999,0,1.6999998,4.6700001,4.6700001,3,1,2.75,3,3,4,33,2.73,4.6700001,3.3299999,0
83,2016,1,17,2,2.25,5,2,2.8000002,4.3299999,4.6700001,4.5,1,2.25,2,2,4.3299999,0,1.6999998,4.6700001,4.6700001,1
86,2014,1,1,3.25,3.5,4,0,1.6399999,3.3299999,3,3.9000001,0,,,,,,,,,
86,2015,1,2,3.5,3.75,5,10,.4000001,2.6700001,5,2.3,1,3.25,3,3.5,4,0,1.6399999,3.3299999,3,0
86,2016,1,3,4.25,4.25,3.3299999,0,2.4000001,3,4.6700001,3.9000001,0,3.5,2,3.75,5,10,.4000001,2.6700001,5,1
87,2014,1,1,3.75,3.75,3.6700001,0,2,4,2.6700001,3.4000001,1,,,,,,,,,
87,2015,1,2,3.75,4.5,3,1,1.9000001,3.6700001,3,3.0999999,0,3.75,3,3.75,3.6700001,0,2,4,2.6700001,1
87,2016,1,3,3,3.5,4,1,1.3000002,3.6700001,3.3299999,3.5999999,0,3.75,3,4.5,3,1,1.9000001,3.6700001,3,0
89,2014,1,3,3.5,2.75,4,0,2,5,3.6700001,4.5,1,,,,,,,,,
89,2015,1,4,2.5,3.5,4,1,.80000019,6,5,3.4000001,0,3.5,4,2.75,4,0,2,5,3.6700001,1
89,2016,1,5,2.5,3.75,4.3299999,1,2.4000001,4.6700001,4.6700001,5.5999999,1,2.5,3,3.5,4,1,.80000019,6,5,0
91,2014,1,5,2.5,3,3.3299999,0,3.45,4.6700001,1,4.5999999,1,,,,,,,,,
91,2015,1,6,3.25,3.5,4,2,2.4000001,3.3299999,2,2.7,0,2.5,4,3,3.3299999,0,3.45,4.6700001,1,1
91,2016,1,7,4.25,3.5,4.6700001,2,4.0999999,2.3299999,2.3299999,2.4000001,1,3.25,2,3.5,4,2,2.4000001,3.3299999,2,0
92,2014,1,1,4,4,5,0,1,3,3.6700001,4.8000002,1,,,,,,,,,
92,2015,1,2,4,3,5,0,2.3000002,4,4.6700001,3.2,0,4,4,4,5,0,1,3,3.6700001,1
92,2016,1,3,3.75,2.75,3.6700001,20,1.5999999,4,4.6700001,3.3,0,4,3,3,5,0,2.3000002,4,4.6700001,0
93,2014,1,21,2.25,3.75,3.3299999,0,3.3599999,4.6700001,4,5.6999998,1,,,,,,,,,
93,2015,1,22,1.75,4.75,4,0,2.1999998,4,5,4.6999998,1,2.25,5,3.75,3.3299999,0,3.3599999,4.6700001,4,1
93,2016,1,23,2.25,3.5,4.3299999,11,3.0999999,3.6700001,3.6700001,5,1,1.75,4,4.75,4,0,2.1999998,4,5,1
96,2014,2,6,3,4,4,0,3,3,4.6700001,4.9000001,1,,,,,,,,,
96,2015,2,7,3.75,3.25,3.6700001,0,1.8000002,3.6700001,3.3299999,3.2,1,3,4,4,4,0,3,3,4.6700001,1
96,2016,2,8,3,2.75,4,0,2.1999998,3,4,3.0999999,0,3.75,3,3.25,3.6700001,0,1.8000002,3.6700001,3.3299999,1
97,2014,2,2,4,4,4,0,.63999987,3,2,4.5,1,,,,,,,,,
97,2015,2,3,4.75,3.5,3.6700001,0,2.0999999,3.6700001,3.3299999,2.4000001,1,4,4,4,4,0,.63999987,3,2,1
97,2016,2,4,4.75,4.5,3.6700001,2,1.4000001,4,3.6700001,3,0,4.75,2,3.5,3.6700001,0,2.0999999,3.6700001,3.3299999,1
98,2014,1,7,4,3.5,4,0,1,3,2.6700001,2.5999999,0,,,,,,,,,
98,2015,1,8,4.75,3.75,4.6700001,16,1,3.6700001,3.6700001,2.5,1,4,2,3.5,4,0,1,3,2.6700001,0
98,2016,1,9,4.5,3,4,1,.69999981,3,4,3.5,0,4.75,2,3.75,4.6700001,16,1,3.6700001,3.6700001,1
99,2014,2,17,3,2.75,4,0,2.73,4.3299999,3.3299999,4.6999998,1,,,,,,,,,
99,2015,2,18,2.75,3,4.3299999,0,1.5999999,4,4.3299999,4.5999999,1,3,4,2.75,4,0,2.73,4.3299999,3.3299999,1
99,2016,2,19,2.75,4,3.6700001,0,2.9000001,3.6700001,5,2.3,0,2.75,4,3,4.3299999,0,1.5999999,4,4.3299999,1
101,2014,1,18,3.5,4.25,5,44,2.27,3,4,1.3,0,,,,,,,,,
101,2015,1,19,4,5,3.9400001,2,1.1999998,3.6700001,5,2.8,1,3.5,1,4.25,5,44,2.27,3,4,0
101,2016,1,20,4,3.25,5,0,2.8000002,4.3299999,3.6700001,2,0,4,2,5,3.9400001,2,1.1999998,3.6700001,5,1
102,2014,1,4,2,2,3,0,2.5500002,3.3299999,3.3299999,3.3,1,,,,,,,,,
102,2015,1,5,2,1,3,0,1.3000002,2.3299999,5,1.2,0,2,3,2,3,0,2.5500002,3.3299999,3.3299999,1
102,2016,1,6,2.5,2.5,2.3299999,0,2.6999998,2,5,1.9,1,2,1,1,3,0,1.3000002,2.3299999,5,0
103,2014,1,9,3.25,2.25,5,5,3.0899999,4.6700001,5,2.9000001,1,,,,,,,,,
103,2015,1,10,4,2.25,3.6700001,0,1.9000001,5,3.6700001,1.5,0,3.25,2,2.25,5,5,3.0899999,4.6700001,5,1
103,2016,1,11,5,3.5,3.6700001,0,3.4000001,5,3.3299999,2.9000001,1,4,1,2.25,3.6700001,0,1.9000001,5,3.6700001,0
104,2014,1,2,2.75,2.75,4,0,2.5500002,4.3299999,3.6700001,3.3,1,,,,,,,,,
104,2015,1,3,3.25,3.75,4.3299999,0,1.5,3.3299999,3.9400001,2.7,1,2.75,3,2.75,4,0,2.5500002,4.3299999,3.6700001,1
104,2016,1,4,2.75,4.25,3.6700001,5,3.3,2.6700001,4,1.4,0,3.25,2,3.75,4.3299999,0,1.5,3.3299999,3.9400001,1
105,2014,2,11,3.25,3.5,4,0,1.3600001,3,3.6700001,4.4000001,1,,,,,,,,,
105,2015,2,12,2.75,3.75,4,0,.099999905,3.6700001,3.9400001,2.5,1,3.25,4,3.5,4,0,1.3600001,3,3.6700001,1
105,2016,2,13,2,4.25,5,0,1,4.3299999,4.3299999,3.5999999,1,2.75,2,3.75,4,0,.099999905,3.6700001,3.9400001,1
106,2014,2,3,2,1.25,3.6700001,32,4.6400003,5.6700001,4,4.4000001,0,,,,,,,,,
106,2015,2,4,2.25,2.75,3,0,3.5999999,6,3.6700001,4.5999999,1,2,4,1.25,3.6700001,32,4.6400003,5.6700001,4,0
106,2016,2,5,3,1.75,3.3299999,0,4.9000001,5,4,4.5,1,2.25,4,2.75,3,0,3.5999999,6,3.6700001,1
107,2014,1,4,3,3,3.6700001,0,2.73,3.3299999,3,5,1,,,,,,,,,
107,2015,1,5,2.75,2.25,3,2,1.5,2.3299999,4.5999999,4.4000001,1,3,4,3,3.6700001,0,2.73,3.3299999,3,1
107,2016,1,6,3,1.5,2.6700001,0,3.5,3.6700001,4.3299999,2.0999999,1,2.75,4,2.25,3,2,1.5,2.3299999,4.5999999,1
108,2014,2,4,1.5,2,3,4,3.1800001,5,3.3299999,2.3,1,,,,,,,,,
108,2015,2,5,1.25,2.5,3,0,2.0999999,4,4.3299999,2.3,1,1.5,2,2,3,4,3.1800001,5,3.3299999,1
108,2016,2,6,2,2,2.3299999,0,2.9000001,3.3299999,4.6700001,3.3,0,1.25,2,2.5,3,0,2.0999999,4,4.3299999,1
111,2014,1,3,3.25,1,2.6700001,0,1.6399999,3.6700001,2,4.8000002,1,,,,,,,,,
111,2015,1,4,3.75,2.75,2.6700001,8,.4000001,3,4.3299999,3.5,0,3.25,4,1,2.6700001,0,1.6399999,3.6700001,2,1
111,2016,1,5,4,2.25,2.6700001,17,2.3000002,3,4.3299999,3.0999999,0,3.75,3,2.75,2.6700001,8,.4000001,3,4.3299999,0
112,2014,1,29,3.5,3,3.6700001,0,1.9099998,3.6700001,2,2.9000001,1,,,,,,,,,
112,2015,1,30,4,2.5,4.6700001,1,.69999981,3.6700001,3.6700001,2.5,0,3.5,2,3,3.6700001,0,1.9099998,3.6700001,2,1
112,2016,1,31,3.5,3.5,4.3299999,0,2.5,2.6700001,4,3.4000001,0,4,2,2.5,4.6700001,1,.69999981,3.6700001,3.6700001,0
113,2014,1,4,3.75,3.75,4,0,1.3600001,4,1.33,1.2,0,,,,,,,,,
113,2015,1,5,3.25,4.5,3.3299999,0,.19999981,3.6700001,3.3299999,2.9000001,1,3.75,1,3.75,4,0,1.3600001,4,1.33,0
113,2016,1,6,3.75,3.75,4,2,1.9000001,3.6700001,3.6700001,2.2,1,3.25,2,4.5,3.3299999,0,.19999981,3.6700001,3.3299999,1
115,2014,1,26,2.5,3,3.3299999,0,2.5500002,3,2.6700001,4.0999999,0,,,,,,,,,
115,2015,1,27,2.25,3.75,4.3299999,0,1.3000002,3.3299999,4.6700001,2.9000001,1,2.5,4,3,3.3299999,0,2.5500002,3,2.6700001,0
115,2016,1,28,1.75,5,3.6700001,0,2,2.3299999,4.3299999,3.2,0,2.25,2,3.75,4.3299999,0,1.3000002,3.3299999,4.6700001,1
116,2014,1,24,4,3.25,4,0,1.27,3.3299999,1,4.4000001,1,,,,,,,,,
116,2015,1,25,3.25,3.25,4,0,0,4.3299999,2.6700001,3.8,0,4,4,3.25,4,0,1.27,3.3299999,1,1
116,2016,1,26,3.75,3.5,4,1,1.1999998,3.6700001,3.3299999,4.9000001,1,3.25,3,3.25,4,0,0,4.3299999,2.6700001,0
117,2014,1,2,1.25,1,2,0,4.1800003,5.3299999,5,2.4000001,1,,,,,,,,,
117,2015,1,3,1.5,1.5,1.67,0,2.9000001,5.3299999,5,1.6,0,1.25,2,1,2,0,4.1800003,5.3299999,5,1
117,2016,1,4,1.25,1.25,2.3299999,0,3.5,6,3.3299999,2.2,1,1.5,1,1.5,1.67,0,2.9000001,5.3299999,5,0
119,2014,1,5,2.25,2.75,4,10,4.3599997,4.6700001,4,5.8000002,1,,,,,,,,,
119,2015,1,6,1.5,2,5,1,3.3,5.6700001,3.6700001,4.5999999,1,2.25,5,2.75,4,10,4.3599997,4.6700001,4,1
119,2016,1,7,2.5,2.75,4.6700001,1,4.4000001,5.3299999,3.6700001,3.5999999,0,1.5,4,2,5,1,3.3,5.6700001,3.6700001,1
120,2014,2,3,5,4.5,4,4,.82000017,3,3.3299999,1.9,0,,,,,,,,,
120,2015,2,4,3.25,3.75,3.6700001,3,2.1999998,3,4.5999999,1.4,1,5,1,4.5,4,4,.82000017,3,3.3299999,0
120,2016,2,5,3,3.75,4.6700001,2,.19999981,2.6700001,4,2.7,0,3.25,1,3.75,3.6700001,3,2.1999998,3,4.5999999,1
121,2014,1,1,3.25,3.25,3.3299999,0,1.9099998,4.6700001,4,3,1,,,,,,,,,
121,2015,1,2,3.5,4,3.6700001,0,.69999981,5,3.6700001,2.4000001,1,3.25,3,3.25,3.3299999,0,1.9099998,4.6700001,4,1
121,2016,1,3,3.5,3,3.3299999,0,1.5,5,4,3,0,3.5,2,4,3.6700001,0,.69999981,5,3.6700001,1
122,2014,1,2,2.5,4,4,0,2.73,4,3,2.3,0,,,,,,,,,
122,2015,1,3,2,4.25,5,5,1.5999999,5,4.6700001,1.3,0,2.5,2,4,4,0,2.73,4,3,0
122,2016,1,4,2.5,5,5,2,2.0999999,4,4.6700001,3,1,2,1,4.25,5,5,1.5999999,5,4.6700001,0
123,2014,1,1,3.5,3,3.3299999,0,1.5500002,3.6700001,3.6700001,3.0999999,0,,,,,,,,,
123,2015,1,2,4.5,3.25,3,0,.4000001,3.3299999,5,3.0999999,0,3.5,3,3,3.3299999,0,1.5500002,3.6700001,3.6700001,0
123,2016,1,3,4.25,4,2.3299999,2,1.6999998,3.6700001,4.6700001,5,1,4.5,3,3.25,3,0,.4000001,3.3299999,5,0
124,2014,1,2,2,2.5,3,0,3.9100001,4.6700001,3.3299999,3.9000001,0,,,,,,,,,
124,2015,1,3,3,2.75,3.6700001,1,2.9000001,4.3299999,5,2.8,1,2,3,2.5,3,0,3.9100001,4.6700001,3.3299999,0
124,2016,1,4,3.25,2.75,4,0,4.3000002,3.3299999,4.6700001,3.3,1,3,2,2.75,3.6700001,1,2.9000001,4.3299999,5,1
125,2014,2,3,3.75,3.75,4,10,2.3600001,3,4,4.4000001,1,,,,,,,,,
125,2015,2,4,4.25,2.75,3.3299999,0,1.3000002,3.3299999,4.3299999,2.7,0,3.75,4,3.75,4,10,2.3600001,3,4,1
125,2016,2,5,3.75,3.25,4,0,2.0999999,3,5,4.3000002,1,4.25,2,2.75,3.3299999,0,1.3000002,3.3299999,4.3299999,0
126,2014,1,22,4,4,4,0,1.0900002,3,2,3.2,1,,,,,,,,,
126,2015,1,23,3.75,3.75,3.6700001,0,1.0999999,3.6700001,3.3299999,2.2,1,4,3,4,4,0,1.0900002,3,2,1
126,2016,1,24,4.5,3.25,3,0,1.1999998,3,3,3.5999999,0,3.75,2,3.75,3.6700001,0,1.0999999,3.6700001,3.3299999,1
127,2014,2,21,2,2,3.6700001,0,3,4,2.6700001,4,0,,,,,,,,,
127,2015,2,22,1.5,1.5,3.6700001,8,1.8000002,2.6700001,2.6700001,4.5,1,2,3,2,3.6700001,0,3,4,2.6700001,0
127,2016,2,23,2.25,2.25,4,35,3.7,2.3299999,3.3299999,4.8000002,1,1.5,4,1.5,3.6700001,8,1.8000002,2.6700001,2.6700001,1
128,2014,2,5,1.25,1.75,4,2,3.3599999,5.6700001,2.6700001,4.1999998,1,,,,,,,,,
128,2015,2,6,2.25,1.75,4,12,2.1999998,4.3299999,3.3299999,3.5999999,1,1.25,4,1.75,4,2,3.3599999,5.6700001,2.6700001,1
128,2016,2,7,2.5,3,3,0,3.3,4.3299999,3,2,0,2.25,3,1.75,4,12,2.1999998,4.3299999,3.3299999,1
131,2014,1,3,2.25,3.25,4.3299999,10,2,5,4,4.9000001,1,,,,,,,,,
131,2015,1,4,2.25,3.75,4,12,.80000019,4.3299999,3.3299999,2.5999999,1,2.25,4,3.25,4.3299999,10,2,5,4,1
131,2016,1,5,2.75,3.75,4.6700001,5,1.3000002,4.3299999,3.6700001,4.9000001,0,2.25,2,3.75,4,12,.80000019,4.3299999,3.3299999,1
132,2014,1,17,2.75,3,2.6700001,0,2.73,4.3299999,2,3.4000001,0,,,,,,,,,
132,2015,1,18,2.25,3.5,2.3299999,0,1.6999998,4,3.3299999,3,0,2.75,3,3,2.6700001,0,2.73,4.3299999,2,0
132,2016,1,19,2.5,4,3.3299999,2,3,3.6700001,3,3.5999999,0,2.25,3,3.5,2.3299999,0,1.6999998,4,3.3299999,0
133,2014,1,22,2.25,2.25,3,6,2.8200002,5,2.3299999,3.5,0,,,,,,,,,
133,2015,1,23,2.75,1.75,3,1,1.5,4,5,3.5,0,2.25,3,2.25,3,6,2.8200002,5,2.3299999,0
133,2016,1,24,2.25,1.25,3.6700001,0,2.1999998,4,3.3299999,3.3,0,2.75,3,1.75,3,1,1.5,4,5,0
134,2014,1,16,3,3.75,2.3299999,2,1.5500002,3,3.3299999,3.7,0,,,,,,,,,
134,2015,1,17,3.25,3,3.3299999,0,1.4000001,2.6700001,3.6700001,2,1,3,3,3.75,2.3299999,2,1.5500002,3,3.3299999,0
134,2016,1,18,3.5,3.25,4,1,2.1999998,3.6700001,3.3299999,3.8,0,3.25,2,3,3.3299999,0,1.4000001,2.6700001,3.6700001,1
136,2014,2,1,2,3.25,3.6700001,4,2.27,5.6700001,2.3299999,2.5,1,,,,,,,,,
136,2015,2,2,1.25,3.5,3,2,1.3000002,4.6700001,3.6700001,2,0,2,2,3.25,3.6700001,4,2.27,5.6700001,2.3299999,1
136,2016,2,3,2.75,3,3,0,1.9000001,5.3299999,3,2.9000001,1,1.25,2,3.5,3,2,1.3000002,4.6700001,3.6700001,0
139,2014,1,5,2.5,2.5,4,0,2.5500002,4.6700001,3,3.9000001,0,,,,,,,,,
139,2015,1,6,1.5,3.25,4.3299999,1,1.4000001,4.6700001,3.3299999,4,0,2.5,3,2.5,4,0,2.5500002,4.6700001,3,0
139,2016,1,7,1,2.75,4.6700001,2,3.0999999,5.3299999,3.6700001,2.5,1,1.5,3,3.25,4.3299999,1,1.4000001,4.6700001,3.3299999,0
140,2014,1,2,3.75,4,4,0,2.0900002,3.6700001,3,3.7,1,,,,,,,,,
140,2015,1,3,4.5,3,3.6700001,1,1,4,4,3.7,0,3.75,3,4,4,0,2.0900002,3.6700001,3,1
140,2016,1,4,4.25,4,4.3299999,0,1.4000001,3.6700001,3.6700001,4.6999998,1,4.5,3,3,3.6700001,1,1,4,4,0
143,2014,2,6,2.25,3,3.6700001,0,2.9099998,4.6700001,3.3299999,4.0999999,1,,,,,,,,,
143,2015,2,7,1.5,2.25,4,2,1.8000002,5.6700001,4.5999999,2.5,0,2.25,4,3,3.6700001,0,2.9099998,4.6700001,3.3299999,1
143,2016,2,8,2,2.75,4.3299999,0,2.5999999,5.6700001,3.3299999,4.5,1,1.5,2,2.25,4,2,1.8000002,5.6700001,4.5999999,0
146,2014,1,2,2.25,3.25,3,0,2.8200002,4.3299999,3.3299999,2.7,0,,,,,,,,,
146,2015,1,3,2.5,2.5,2.6700001,0,1.8000002,4.3299999,4.3299999,2.9000001,1,2.25,2,3.25,3,0,2.8200002,4.3299999,3.3299999,0
146,2016,1,4,2.5,3.25,2.3299999,0,3,5.3299999,5,3.9000001,0,2.5,2,2.5,2.6700001,0,1.8000002,4.3299999,4.3299999,1
147,2014,2,6,3,3.5,4,0,2.0900002,4.6700001,3.3299999,3.9000001,0,,,,,,,,,
147,2015,2,7,2.5,3,4.3299999,0,.80000019,3.6700001,3.3299999,1.6,1,3,3,3.5,4,0,2.0900002,4.6700001,3.3299999,0
147,2016,2,8,2.25,2.25,4.6700001,0,2.9000001,4,3.6700001,3.5,0,2.5,1,3,4.3299999,0,.80000019,3.6700001,3.3299999,1
148,2014,1,14,2.25,2.5,4,4,2.8200002,5,2,3.2,0,,,,,,,,,
148,2015,1,15,3,2.75,5,0,1.6999998,4.6700001,5,3,0,2.25,3,2.5,4,4,2.8200002,5,2,0
148,2016,1,16,2.5,3.5,4.6700001,0,2.6999998,5.3299999,4.6700001,3.3,0,3,2,2.75,5,0,1.6999998,4.6700001,5,0
149,2014,1,3,2.25,2.75,3.3299999,0,3.0899999,5.6700001,3,2.8,1,,,,,,,,,
149,2015,1,4,3,3,2.6700001,7,1.9000001,5,3.6700001,2.9000001,1,2.25,2,2.75,3.3299999,0,3.0899999,5.6700001,3,1
149,2016,1,5,3.75,4,3.6700001,0,2.4000001,4.6700001,3,2.4000001,1,3,2,3,2.6700001,7,1.9000001,5,3.6700001,1
150,2014,1,10,3.5,4,4,1,1,3,2,4.0999999,0,,,,,,,,,
150,2015,1,11,2.75,4.5,3.3299999,2,2.1999998,2.3299999,3.6700001,3.5999999,0,3.5,4,4,4,1,1,3,2,0
150,2016,1,12,2.5,3.25,2.6700001,13,.4000001,2.6700001,4,2.0999999,1,2.75,3,4.5,3.3299999,2,2.1999998,2.3299999,3.6700001,0
151,2014,1,15,3,2.5,3.3299999,0,4,5.3299999,4,5.6999998,1,,,,,,,,,
151,2015,1,16,2.5,2.75,3.6700001,0,3,5.3299999,3.9400001,3.4000001,1,3,5,2.5,3.3299999,0,4,5.3299999,4,1
151,2016,1,17,2,3.75,4,0,4.9000001,4.3299999,3.3299999,4,0,2.5,3,2.75,3.6700001,0,3,5.3299999,3.9400001,1
152,2014,2,4,2.75,3,3.6700001,0,3.27,4.3299999,3,2.5999999,0,,,,,,,,,
152,2015,2,5,2,2.25,4.3299999,0,2.1999998,4,5,3.5,0,2.75,2,3,3.6700001,0,3.27,4.3299999,3,0
152,2016,2,6,1.5,3.5,4.3299999,0,3.8,4,3.6700001,4.9000001,1,2,3,2.25,4.3299999,0,2.1999998,4,5,0
154,2014,1,9,2.75,3.75,4.6700001,0,1.73,4,3,3.9000001,0,,,,,,,,,
154,2015,1,10,2,4.5,3.6700001,2,1.6999998,3.6700001,5,2.5999999,1,2.75,3,3.75,4.6700001,0,1.73,4,3,0
154,2016,1,11,1.75,4,4.6700001,2,1.0999999,4.3299999,4.6700001,2,1,2,2,4.5,3.6700001,2,1.6999998,3.6700001,5,1
155,2014,2,16,3,4.25,3.3299999,1,3.0899999,3.6700001,4,4.5999999,0,,,,,,,,,
155,2015,2,17,3.75,4.75,3.6700001,1,2,4.6700001,5,3.5,1,3,4,4.25,3.3299999,1,3.0899999,3.6700001,4,0
155,2016,2,18,4,3.5,4,1,3.4000001,5.3299999,3.6700001,5.9000001,1,3.75,3,4.75,3.6700001,1,2,4.6700001,5,1
156,2014,1,16,2.25,3.25,3,0,3,5,3.3299999,3.8,0,,,,,,,,,
156,2015,1,17,2.5,3.75,3,0,1.9000001,5,5,3.3,0,2.25,3,3.25,3,0,3,5,3.3299999,0
156,2016,1,18,2.75,3.75,2,0,2.3000002,4,4.3299999,3.5,1,2.5,3,3.75,3,0,1.9000001,5,5,0
158,2014,2,3,4,4,4,2,1.0900002,3,1,2.4000001,1,,,,,,,,,
158,2015,2,4,4.5,3.5,4.3299999,0,2.4000001,2.6700001,2,3,1,4,2,4,4,2,1.0900002,3,1,1
158,2016,2,5,5,3,5,0,1.6999998,2.3299999,1.67,2.3,1,4.5,2,3.5,4.3299999,0,2.4000001,2.6700001,2,1
159,2014,1,4,3.75,3.25,3.6700001,60,2.9099998,4.6700001,3,4.1999998,1,,,,,,,,,
159,2015,1,5,3.75,2.25,3,4,1.9000001,5,4.3299999,3.2,0,3.75,4,3.25,3.6700001,60,2.9099998,4.6700001,3,1
159,2016,1,6,3.25,1.75,2.6700001,0,2.3000002,5.3299999,4.3299999,3,0,3.75,3,2.25,3,4,1.9000001,5,4.3299999,0
160,2014,1,3,3.25,3.5,4.3299999,0,2.27,4,3.3299999,4.6999998,1,,,,,,,,,
160,2015,1,4,2.75,4,4,1,1,4.6700001,5,3,1,3.25,4,3.5,4.3299999,0,2.27,4,3.3299999,1
160,2016,1,5,2.25,4.75,4,0,2.6999998,4,5,4.4000001,1,2.75,3,4,4,1,1,4.6700001,5,1
161,2014,1,24,4,4,4,12,1.3600001,4,2.3299999,3.3,1,,,,,,,,,
161,2015,1,25,4.25,5,3.3299999,0,.099999905,3,4.3299999,3.5999999,1,4,3,4,4,12,1.3600001,4,2.3299999,1
161,2016,1,26,4,4,3.3299999,0,2.0999999,3.3299999,3.6700001,4.1999998,1,4.25,3,5,3.3299999,0,.099999905,3,4.3299999,1
162,2014,1,3,3.25,2.75,4,3,2.1799998,3.6700001,2,4.1999998,1,,,,,,,,,
162,2015,1,4,3.5,2.5,5,2,1.0999999,3,5,3.4000001,0,3.25,4,2.75,4,3,2.1799998,3.6700001,2,1
162,2016,1,5,3.25,2.75,4.3299999,3,2.0999999,3,4.3299999,2.3,1,3.5,3,2.5,5,2,1.0999999,3,5,0
163,2014,1,9,1.75,3,3.3299999,5,3.3599999,5.6700001,5,4.5,1,,,,,,,,,
163,2015,1,10,2,3.75,2.6700001,2,2.1999998,5.3299999,3.6700001,4.3000002,1,1.75,4,3,3.3299999,5,3.3599999,5.6700001,5,1
163,2016,1,11,1.75,3,3,0,4,5,3.6700001,5,0,2,4,3.75,2.6700001,2,2.1999998,5.3299999,3.6700001,1
164,2014,1,6,3.25,3.5,3.3299999,1,2.27,4.3299999,3.3299999,3.3,0,,,,,,,,,
164,2015,1,7,2.5,3.25,3.3299999,5,1.1999998,3.6700001,3.6700001,3.5,1,3.25,3,3.5,3.3299999,1,2.27,4.3299999,3.3299999,0
164,2016,1,8,2.75,3.25,4.3299999,0,2.0999999,2.6700001,3.6700001,3,1,2.5,3,3.25,3.3299999,5,1.1999998,3.6700001,3.6700001,1
165,2014,1,1,2.75,2.5,4,1,2.8200002,4.3299999,2.3299999,3.5,0,,,,,,,,,
165,2015,1,2,3,1.75,3.6700001,0,1.5999999,4.6700001,3.3299999,3.0999999,0,2.75,3,2.5,4,1,2.8200002,4.3299999,2.3299999,0
165,2016,1,3,3,2.5,4,8,3.5,4.3299999,4,3.9000001,0,3,3,1.75,3.6700001,0,1.5999999,4.6700001,3.3299999,0
166,2014,1,16,3.5,3.75,4,4,.82000017,4.3299999,3,4.8000002,1,,,,,,,,,
166,2015,1,17,2.75,3.25,4.3299999,6,2.3000002,4,3.6700001,5,1,3.5,4,3.75,4,4,.82000017,4.3299999,3,1
166,2016,1,18,3.5,3.5,3.3299999,3,.30000019,3.6700001,3.3299999,4.5,1,2.75,4,3.25,4.3299999,6,2.3000002,4,3.6700001,1
168,2014,1,5,4.75,4,5,0,.36000013,3,2.6700001,5,1,,,,,,,,,
168,2015,1,6,4,3.25,3.6700001,2,1.5999999,2.6700001,4.5999999,4.5999999,1,4.75,4,4,5,0,.36000013,3,2.6700001,1
168,2016,1,7,3.75,4.25,3.6700001,1,1.3000002,3,4.6700001,2,1,4,4,3.25,3.6700001,2,1.5999999,2.6700001,4.5999999,1
171,2014,1,4,3.75,3.25,4,0,1.0900002,3,2.3299999,2.9000001,0,,,,,,,,,
171,2015,1,5,3,4.25,4.6700001,18,1,2.6700001,2.3299999,3.5999999,0,3.75,2,3.25,4,0,1.0900002,3,2.3299999,0
171,2016,1,6,3,4.75,4.3299999,0,.5999999,3.3299999,2,4.9000001,0,3,3,4.25,4.6700001,18,1,2.6700001,2.3299999,0
172,2014,2,13,3.75,3.75,3.6700001,13,1.6399999,3,4,3.4000001,1,,,,,,,,,
172,2015,2,14,4,3.5,3.6700001,15,1.5999999,4,5,2.5,1,3.75,3,3.75,3.6700001,13,1.6399999,3,4,1
172,2016,2,15,4.25,3.75,4,2,1.3000002,3.3299999,4.6700001,3.3,0,4,2,3.5,3.6700001,15,1.5999999,4,5,1
173,2014,1,2,3.5,4,3.6700001,0,1.1799998,3,2.6700001,4.4000001,0,,,,,,,,,
173,2015,1,3,3.5,4.75,3.6700001,0,2.4000001,3.6700001,5,2.7,1,3.5,4,4,3.6700001,0,1.1799998,3,2.6700001,0
173,2016,1,4,4,4,4,4,.4000001,4,4.3299999,4,1,3.5,2,4.75,3.6700001,0,2.4000001,3.6700001,5,1
174,2014,1,13,3,3.25,4,18,3.0899999,4,3,6,1,,,,,,,,,
174,2015,1,14,3,3,5,0,1.9000001,3,4,4.1999998,0,3,5,3.25,4,18,3.0899999,4,3,1
174,2016,1,15,3.25,2.25,3.6700001,8,3.5,3.3299999,4.3299999,4.5,1,3,4,3,5,0,1.9000001,3,4,0
175,2014,1,4,4.5,4.25,4,5,1.1799998,3,2.3299999,3.5999999,0,,,,,,,,,
175,2015,1,5,3.5,3.75,4,2,1.0999999,3.3299999,3.6700001,2.4000001,1,4.5,3,4.25,4,5,1.1799998,3,2.3299999,0
175,2016,1,6,3,3.25,4.6700001,17,.4000001,3.6700001,4.3299999,2.0999999,1,3.5,2,3.75,4,2,1.0999999,3.3299999,3.6700001,1
176,2014,1,2,2.75,2.75,2.6700001,0,3,4,4,4.1999998,1,,,,,,,,,
176,2015,1,3,3.5,2.5,1.67,0,1.9000001,3.3299999,5,3.0999999,0,2.75,4,2.75,2.6700001,0,3,4,4,1
176,2016,1,4,3,2.75,1,6,3.5,3.6700001,3.3299999,4.3000002,0,3.5,3,2.5,1.67,0,1.9000001,3.3299999,5,0
177,2014,1,21,4.5,4,5,0,1,3,2.6700001,3.0999999,0,,,,,,,,,
177,2015,1,22,5,4,4.3299999,1,1,2.3299999,3,2.3,0,4.5,3,4,5,0,1,3,2.6700001,0
177,2016,1,23,3.25,3.5,3.3299999,2,.30000019,2.6700001,2.6700001,3.9000001,0,5,2,4,4.3299999,1,1,2.3299999,3,0
178,2014,1,23,3.25,4,4,0,1.1799998,3.6700001,3.6700001,3.4000001,0,,,,,,,,,
178,2015,1,24,4.25,4.25,4,0,0,4.3299999,4.3299999,4.4000001,1,3.25,3,4,4,0,1.1799998,3.6700001,3.6700001,0
178,2016,1,25,5,3.25,4,0,2,5,4.6700001,3.4000001,0,4.25,4,4.25,4,0,0,4.3299999,4.3299999,1
180,2014,1,3,2.5,3,3.3299999,0,3,4.3299999,3.3299999,1.5,0,,,,,,,,,
180,2015,1,4,1.75,3.5,3.3299999,4,1.9000001,4.6700001,3.3299999,1.6,0,2.5,1,3,3.3299999,0,3,4.3299999,3.3299999,0
180,2016,1,5,2,3.5,4,25,3.2,3.6700001,2.6700001,3.3,0,1.75,1,3.5,3.3299999,4,1.9000001,4.6700001,3.3299999,0
181,2014,1,3,4,3.75,3.6700001,2,2.3600001,3.6700001,2,4.5,0,,,,,,,,,
181,2015,1,4,4.25,4.25,4.6700001,0,1.1999998,4,3.9400001,3.9000001,0,4,4,3.75,3.6700001,2,2.3600001,3.6700001,2,0
181,2016,1,5,3.75,3.75,3.6700001,0,1.6999998,4.6700001,4.6700001,5.1999998,1,4.25,3,4.25,4.6700001,0,1.1999998,4,3.9400001,0
183,2014,1,9,4,3.5,4,3,1.6399999,3.6700001,3.6700001,4.5,1,,,,,,,,,
183,2015,1,10,4.25,3.5,4,17,1.5999999,4.6700001,4.5999999,3.2,1,4,4,3.5,4,3,1.6399999,3.6700001,3.6700001,1
183,2016,1,11,3.75,4.5,4.6700001,0,.80000019,4,4.3299999,4.0999999,1,4.25,3,3.5,4,17,1.5999999,4.6700001,4.5999999,1
184,2014,2,4,4.25,4.75,5,2,1.5500002,3,3,3.0999999,0,,,,,,,,,
184,2015,2,5,4.75,4,3.3299999,0,.30000019,2,3.3299999,3.8,1,4.25,3,4.75,5,2,1.5500002,3,3,0
184,2016,2,6,3.5,4,3.6700001,6,1.0999999,3.0599999,3.3299999,4.5,1,4.75,3,4,3.3299999,0,.30000019,2,3.3299999,1
185,2014,1,3,3,3.5,3,0,1,4,2.3299999,2.5,1,,,,,,,,,
185,2015,1,4,2.75,3,2.6700001,0,2.4000001,4.6700001,4,2,0,3,2,3.5,3,0,1,4,2.3299999,1
185,2016,1,5,2.5,3,2.6700001,11,.69999981,4.6700001,3.6700001,1.4,1,2.75,2,3,2.6700001,0,2.4000001,4.6700001,4,0
186,2014,2,4,4,4,4.3299999,47,.73000002,3,2,5.0999999,1,,,,,,,,,
186,2015,2,5,3.25,4.5,4.3299999,14,2.0999999,2.6700001,2,3,0,4,5,4,4.3299999,47,.73000002,3,2,1
186,2016,2,6,2.75,3.75,4.3299999,15,1.5999999,3.3299999,2.6700001,3.2,1,3.25,3,4.5,4.3299999,14,2.0999999,2.6700001,2,0
187,2014,1,11,4,4,4,2,2.1799998,5,2.6700001,3.5,0,,,,,,,,,
187,2015,1,12,3,3.5,3.6700001,0,1,6,5,2.5,1,4,3,4,4,2,2.1799998,5,2.6700001,0
187,2016,1,13,3.25,4,3.3299999,6,1.5,5,4.6700001,4.1999998,1,3,2,3.5,3.6700001,0,1,6,5,1
189,2014,1,2,3.75,3,3.6700001,4,1.3600001,3.6700001,2.3299999,4,0,,,,,,,,,
189,2015,1,3,4,3,4,14,.19999981,2.6700001,4.3299999,4.9000001,1,3.75,3,3,3.6700001,4,1.3600001,3.6700001,2.3299999,0
189,2016,1,4,4.75,3.25,4,1,1,2,5,5,1,4,4,3,4,14,.19999981,2.6700001,4.3299999,1
191,2014,1,3,2,2.25,3,1,4.1800003,6,4,4.8000002,1,,,,,,,,,
191,2015,1,4,2.5,2,3,0,3,5,5,3.8,0,2,4,2.25,3,1,4.1800003,6,4,1
191,2016,1,5,2.25,1.25,4,0,4.8000002,5,5,2.3,1,2.5,3,2,3,0,3,5,5,0
193,2014,1,3,2.5,3.25,3.6700001,0,2.27,4.6700001,3.6700001,4.4000001,1,,,,,,,,,
193,2015,1,4,2.75,3.75,3.6700001,9,1.0999999,4.3299999,3.9400001,5,1,2.5,4,3.25,3.6700001,0,2.27,4.6700001,3.6700001,1
193,2016,1,5,2.75,3.5,4.6700001,0,3,4.3299999,3.3299999,4.8000002,1,2.75,4,3.75,3.6700001,9,1.0999999,4.3299999,3.9400001,1
194,2014,2,7,1.75,2.25,2,2,2.73,3.3299999,4,2.4000001,1,,,,,,,,,
194,2015,2,8,2.5,1.75,2,0,1.6999998,2.3299999,5,2.7,0,1.75,2,2.25,2,2,2.73,3.3299999,4,1
194,2016,2,9,2.25,1,1.33,2,1.9000001,2,3.6700001,3.4000001,0,2.5,2,1.75,2,0,1.6999998,2.3299999,5,0
195,2014,1,17,3.25,4,4,2,3.27,3.3299999,4,3.9000001,0,,,,,,,,,
195,2015,1,18,3.75,3.5,5,1,2.0999999,2,5,2.7,1,3.25,3,4,4,2,3.27,3.3299999,4,0
195,2016,1,19,3.75,2.75,3.6700001,2,2.4000001,3.0599999,3.3299999,4,1,3.75,2,3.5,5,1,2.0999999,2,5,1
198,2014,1,12,1,3.25,4.3299999,0,2.6399999,6,4.3299999,2.0999999,1,,,,,,,,,
198,2015,1,13,1,4,5,2,1.5999999,5.3299999,5,1.2,0,1,2,3.25,4.3299999,0,2.6399999,6,4.3299999,1
198,2016,1,14,1,3.25,5,0,2.1999998,5.6700001,5,1.5,0,1,1,4,5,2,1.5999999,5.3299999,5,0
200,2014,1,2,2.75,3.25,4,0,1.9099998,5.3299999,3.6700001,3.7,0,,,,,,,,,
200,2015,1,3,2,3.5,3.6700001,0,1.8000002,4.3299999,4.5999999,3.5,0,2.75,3,3.25,4,0,1.9099998,5.3299999,3.6700001,0
200,2016,1,4,1.5,2.75,3,0,2,3.3299999,5,4.1999998,0,2,3,3.5,3.6700001,0,1.8000002,4.3299999,4.5999999,0
202,2014,1,2,3.25,3.5,3,14,1.5500002,4,4,3.3,0,,,,,,,,,
202,2015,1,3,4,4.25,2.3299999,0,.30000019,4.3299999,3.6700001,3.5999999,0,3.25,3,3.5,3,14,1.5500002,4,4,0
202,2016,1,4,4,4.75,2.3299999,24,1.3000002,5,3.6700001,3.5999999,1,4,3,4.25,2.3299999,0,.30000019,4.3299999,3.6700001,0
203,2014,1,17,3,2.25,4,2,3.9100001,5.6700001,2,4.9000001,1,,,,,,,,,
203,2015,1,18,3.25,1.5,5,4,2.9000001,6,4,3.5,0,3,4,2.25,4,2,3.9100001,5.6700001,2,1
203,2016,1,19,3.75,1.25,3.6700001,2,4.4000001,5.3299999,3.6700001,2.3,0,3.25,3,1.5,5,4,2.9000001,6,4,0
204,2014,1,14,3.75,3.75,4,6,1.6399999,4.6700001,2,3,1,,,,,,,,,
204,2015,1,15,4,2.75,3.3299999,8,1.5,5.3299999,3.3299999,1.5,1,3.75,2,3.75,4,6,1.6399999,4.6700001,2,1
204,2016,1,16,3.5,2.25,3,8,1.4000001,6,2.6700001,3.0999999,1,4,1,2.75,3.3299999,8,1.5,5.3299999,3.3299999,1
205,2014,1,21,3,2.5,3,4,2.9099998,4,3.3299999,3.5,0,,,,,,,,,
205,2015,1,22,2,2.75,2.3299999,2,1.6999998,3.6700001,5,4.3000002,1,3,3,2.5,3,4,2.9099998,4,3.3299999,0
205,2016,1,23,2.25,2.5,2.6700001,0,3,2.6700001,5,4.4000001,0,2,4,2.75,2.3299999,2,1.6999998,3.6700001,5,1
206,2014,1,4,3,2,2.6700001,4,2.9099998,4.6700001,4,5.4000001,0,,,,,,,,,
206,2015,1,5,3.25,2.25,3.3299999,2,1.8000002,5.6700001,4.5999999,3.7,0,3,5,2,2.6700001,4,2.9099998,4.6700001,4,0
206,2016,1,6,3.25,2.75,3.3299999,1,2.9000001,4.3299999,4.6700001,4.9000001,1,3.25,3,2.25,3.3299999,2,1.8000002,5.6700001,4.5999999,0
207,2014,1,15,1,1,5,0,5.0900002,6,1,5.8000002,0,,,,,,,,,
207,2015,1,16,2,2.75,3.9400001,9,4,4.3299999,1,5,1,1,5,1,5,0,5.0900002,6,1,0
207,2016,1,17,1.75,3.5,3.3299999,0,5.4000001,3.6700001,1.33,5.0999999,0,2,4,2.75,3.9400001,9,4,4.3299999,1,1
208,2014,1,0,3.75,4,4,0,1,3,1,5,1,,,,,,,,,
208,2015,1,1,4.25,4.5,3.3299999,0,2.3000002,2.3299999,3.3299999,3.9000001,1,3.75,4,4,4,0,1,3,1,1
208,2016,1,2,5,5,3.6700001,0,1.1999998,3.3299999,3,5.3000002,1,4.25,3,4.5,3.3299999,0,2.3000002,2.3299999,3.3299999,1
210,2014,1,4,3.75,3.5,4,0,2.8200002,4,2,3.8,0,,,,,,,,,
210,2015,1,5,3,3,3.3299999,0,1.8000002,5,5,3.5999999,0,3.75,3,3.5,4,0,2.8200002,4,2,0
210,2016,1,6,2.75,3.75,4,11,1.9000001,4.6700001,4.3299999,2.5,0,3,3,3,3.3299999,0,1.8000002,5,5,0
212,2014,1,10,3,2.75,3.6700001,0,2.8200002,3.3299999,4.3299999,3.5999999,0,,,,,,,,,
212,2015,1,11,3.5,2.5,3.6700001,4,1.6999998,3.6700001,4.3299999,2.4000001,1,3,3,2.75,3.6700001,0,2.8200002,3.3299999,4.3299999,0
212,2016,1,12,4.25,2.75,4.6700001,0,2.4000001,4,3.6700001,4.5,1,3.5,2,2.5,3.6700001,4,1.6999998,3.6700001,4.3299999,1
214,2014,1,8,2,3,3.3299999,0,2.1799998,4.3299999,4,5,1,,,,,,,,,
214,2015,1,9,1.75,2.25,4,0,1,4.6700001,5,3.0999999,0,2,4,3,3.3299999,0,2.1799998,4.3299999,4,1
214,2016,1,10,2.5,2.5,5,3,2.3000002,5.6700001,4.6700001,3.7,0,1.75,3,2.25,4,0,1,4.6700001,5,0
215,2014,1,9,1.5,2.75,3.3299999,0,3.9100001,4.3299999,5,3.8,0,,,,,,,,,
215,2015,1,10,1.25,3,4,5,2.8000002,4.3299999,5,2.3,1,1.5,3,2.75,3.3299999,0,3.9100001,4.3299999,5,0
215,2016,1,11,2.75,3,5,0,3.8,4.6700001,5,3.0999999,0,1.25,2,3,4,5,2.8000002,4.3299999,5,1
216,2014,1,12,3,3.25,3.6700001,0,3.3599999,4.3299999,2.3299999,4.8000002,1,,,,,,,,,
216,2015,1,13,3.5,3.25,3,0,2.3000002,4.6700001,4,3.7,0,3,4,3.25,3.6700001,0,3.3599999,4.3299999,2.3299999,1
216,2016,1,14,2.75,4.25,3.6700001,2,2.6999998,5,3.6700001,3.7,0,3.5,3,3.25,3,0,2.3000002,4.6700001,4,0
217,2014,1,4,3.25,3.5,3,14,1.1799998,3.3299999,4,2,0,,,,,,,,,
217,2015,1,5,3.75,2.5,4,0,2.4000001,3.3299999,3.3299999,2.5999999,1,3.25,1,3.5,3,14,1.1799998,3.3299999,4,0
217,2016,1,6,3.75,3,4.6700001,0,1.5999999,3.6700001,3.3299999,4.3000002,1,3.75,2,2.5,4,0,2.4000001,3.3299999,3.3299999,1
218,2014,1,23,3,3,3,0,3.3599999,3.3299999,2,2.3,1,,,,,,,,,
218,2015,1,24,3.25,3,2.3299999,0,2.3000002,2.3299999,1.67,2.9000001,1,3,2,3,3,0,3.3599999,3.3299999,2,1
218,2016,1,25,3.5,3,2.3299999,9,3.8,3,2,4.6999998,1,3.25,2,3,2.3299999,0,2.3000002,2.3299999,1.67,1
223,2014,1,3,3,4,5,0,1.5500002,4,1,2.9000001,0,,,,,,,,,
223,2015,1,4,3.75,5,3.6700001,0,1.4000001,3,4.6700001,2.7,1,3,2,4,5,0,1.5500002,4,1,0
223,2016,1,5,4.25,3.5,4.3299999,11,1.0999999,2.3299999,3.3299999,2.5,0,3.75,2,5,3.6700001,0,1.4000001,3,4.6700001,1
226,2014,1,3,2.5,3,2.6700001,0,3.3599999,5,4,4.6999998,1,,,,,,,,,
226,2015,1,4,2.25,4,2.3299999,0,2.3000002,3.6700001,3.6700001,4,1,2.5,4,3,2.6700001,0,3.3599999,5,4,1
226,2016,1,5,2.75,3.5,2.3299999,5,2.9000001,3.6700001,3.3299999,4.3000002,1,2.25,4,4,2.3299999,0,2.3000002,3.6700001,3.6700001,1
227,2014,2,7,4.75,4,4.6700001,0,.26999998,2,1,4.5999999,1,,,,,,,,,
227,2015,2,8,3.25,4,4.6700001,0,1.5999999,2.6700001,4,2.8,1,4.75,4,4,4.6700001,0,.26999998,2,1,1
227,2016,2,9,3,5,4.6700001,14,1.4000001,2,4.6700001,3.5999999,0,3.25,2,4,4.6700001,0,1.5999999,2.6700001,4,1
228,2014,2,6,3.5,3.5,4,0,1.9099998,4,3.6700001,3.7,0,,,,,,,,,
228,2015,2,7,4,4,4.3299999,0,1.8000002,3.3299999,4.6700001,2.5,0,3.5,3,3.5,4,0,1.9099998,4,3.6700001,0
228,2016,2,8,3.5,3,3.6700001,1,2.1999998,2.6700001,4,3.9000001,1,4,2,4,4.3299999,0,1.8000002,3.3299999,4.6700001,0
229,2014,1,18,2,3,3,0,1.5500002,4,2.3299999,2.9000001,0,,,,,,,,,
229,2015,1,19,3,3,4,0,.30000019,4.3299999,3,2.5,1,2,2,3,3,0,1.5500002,4,2.3299999,0
229,2016,1,20,3.75,3.25,4.3299999,0,.80000019,3.3299999,2.6700001,2.7,0,3,2,3,4,0,.30000019,4.3299999,3,1
230,2014,1,3,3,3.25,4,0,1.8200002,3.3299999,1,4.6999998,1,,,,,,,,,
230,2015,1,4,3.25,3.25,4.6700001,8,.5999999,3,3.3299999,3,0,3,4,3.25,4,0,1.8200002,3.3299999,1,1
230,2016,1,5,3.75,3.5,4.3299999,0,2.1999998,3.6700001,3,4,0,3.25,3,3.25,4.6700001,8,.5999999,3,3.3299999,0
231,2014,1,12,4,3,4,1,1.8200002,3.3299999,1.67,3.5,1,,,,,,,,,
231,2015,1,13,3.75,2.25,4.6700001,0,.5999999,3,3.9400001,3.0999999,0,4,3,3,4,1,1.8200002,3.3299999,1.67,1
231,2016,1,14,4.25,3,5,11,1.6999998,3,4,2.0999999,1,3.75,3,2.25,4.6700001,0,.5999999,3,3.9400001,0
232,2014,1,22,3.75,4,4,0,1.27,3,2,3.5,0,,,,,,,,,
232,2015,1,23,3.75,3.25,5,0,1.1999998,4,3.6700001,3.8,1,3.75,3,4,4,0,1.27,3,2,0
232,2016,1,24,4.5,4.5,3.9400001,2,1.0999999,3,3.6700001,4,1,3.75,3,3.25,5,0,1.1999998,4,3.6700001,1
233,2014,1,1,3.5,4,4,0,.63999987,3,2,2.0999999,1,,,,,,,,,
233,2015,1,2,3,3,4.3299999,0,2.0999999,3,2.3299999,2.2,1,3.5,2,4,4,0,.63999987,3,2,1
233,2016,1,3,2.5,3.25,4.3299999,0,2.4000001,3.6700001,2.3299999,4,0,3,2,3,4.3299999,0,2.0999999,3,2.3299999,1
234,2014,1,16,2.5,3,3,4,4,4.6700001,4.6700001,2.5,0,,,,,,,,,
234,2015,1,17,1.5,2,2.3299999,0,2.8000002,4.3299999,5,2.4000001,0,2.5,2,3,3,4,4,4.6700001,4.6700001,0
234,2016,1,18,1.25,3,2.3299999,0,3.8,4.6700001,4.3299999,3.7,0,1.5,2,2,2.3299999,0,2.8000002,4.3299999,5,0
235,2014,1,14,3.25,3.25,4,0,1.9099998,4.6700001,2,5.8000002,1,,,,,,,,,
235,2015,1,15,4.25,3.5,3.6700001,1,.69999981,4.6700001,3.3299999,5.5999999,1,3.25,5,3.25,4,0,1.9099998,4.6700001,2,1
235,2016,1,16,4.5,3.75,3.6700001,6,1.3000002,4.6700001,4,4.1999998,1,4.25,5,3.5,3.6700001,1,.69999981,4.6700001,3.3299999,1
236,2014,2,5,3.5,3.5,4,0,.17999983,3,2.6700001,3.7,1,,,,,,,,,
236,2015,2,6,4.25,3.25,4,0,1.5,2,4.3299999,4.5,1,3.5,3,3.5,4,0,.17999983,3,2.6700001,1
236,2016,2,7,4,3.75,4,2,1,2.3299999,5,4,1,4.25,4,3.25,4,0,1.5,2,4.3299999,1
237,2014,1,1,4,4,4,0,1,3,2,4.3000002,0,,,,,,,,,
237,2015,1,2,3.5,4,5,0,1,4,3.3299999,2.8,1,4,4,4,4,0,1,3,2,0
237,2016,1,3,3.5,4,3.6700001,0,.30000019,4.6700001,3.3299999,3.2,0,3.5,2,4,5,0,1,4,3.3299999,1
240,2014,1,1,3.75,3.75,3.6700001,0,1.0900002,3,2.3299999,4.8000002,0,,,,,,,,,
240,2015,1,2,3.25,4.5,4.3299999,0,2.3000002,3,5,3.4000001,0,3.75,4,3.75,3.6700001,0,1.0900002,3,2.3299999,0
240,2016,1,3,3.75,4.25,3.3299999,0,1.0999999,3,3.3299999,1.1,0,3.25,3,4.5,4.3299999,0,2.3000002,3,5,0
245,2014,1,8,4,4,5,0,.63999987,3.6700001,1.67,3.5,0,,,,,,,,,
245,2015,1,9,4.75,3.5,3.6700001,0,2.0999999,3,3.3299999,3.5999999,0,4,3,4,5,0,.63999987,3.6700001,1.67,0
245,2016,1,10,4.75,3.25,3.6700001,2,1,2,3.6700001,3.3,0,4.75,3,3.5,3.6700001,0,2.0999999,3,3.3299999,0
246,2014,2,12,3,3,3.3299999,0,1.4499998,4.6700001,2,5.5,1,,,,,,,,,
246,2015,2,13,2.25,3.25,3.3299999,0,1.4000001,3.6700001,3.9400001,2.0999999,1,3,5,3,3.3299999,0,1.4499998,4.6700001,2,1
246,2016,2,14,2.75,4.25,3.3299999,0,.69999981,3.3299999,3.6700001,3.4000001,0,2.25,2,3.25,3.3299999,0,1.4000001,3.6700001,3.9400001,1
248,2014,1,5,2.75,3,3,0,2.5500002,4.3299999,2,2.3,0,,,,,,,,,
248,2015,1,6,3,2.5,3.6700001,18,1.5,3.3299999,2.3299999,2.3,0,2.75,2,3,3,0,2.5500002,4.3299999,2,0
248,2016,1,7,3.25,1.5,4.6700001,0,1.6999998,4,2.3299999,3.5999999,0,3,2,2.5,3.6700001,18,1.5,3.3299999,2.3299999,0
249,2014,2,5,4,3.5,4,11,1.1799998,3.6700001,3.6700001,4.9000001,1,,,,,,,,,
249,2015,2,6,4.5,3.75,3.6700001,0,1.0999999,4.3299999,3.6700001,4,1,4,4,3.5,4,11,1.1799998,3.6700001,3.6700001,1
249,2016,2,7,4.75,3,4,14,1.3000002,3.3299999,3.6700001,3.9000001,0,4.5,3,3.75,3.6700001,0,1.0999999,4.3299999,3.6700001,1
250,2014,1,33,4.25,4,4,0,.36000013,3,1,4.3000002,1,,,,,,,,,
250,2015,1,34,5,4.25,4.6700001,0,1.5999999,3,3.3299999,2.5,1,4.25,4,4,4,0,.36000013,3,1,1
250,2016,1,35,4.75,4,4.3299999,1,1.5,2,3.3299999,4,1,5,2,4.25,4.6700001,0,1.5999999,3,3.3299999,1
251,2014,1,5,3.5,3.75,4,1,2,5,3.3299999,4.9000001,1,,,,,,,,,
251,2015,1,6,4.5,4.75,3.3299999,0,.80000019,6,4.3299999,3.5,0,3.5,4,3.75,4,1,2,5,3.3299999,1
251,2016,1,7,4.5,3.75,4.3299999,2,1.5999999,6,4.6700001,3.4000001,0,4.5,3,4.75,3.3299999,0,.80000019,6,4.3299999,0
256,2014,1,14,4,3.5,4,0,.63999987,3,1,4.4000001,1,,,,,,,,,
256,2015,1,15,3.75,2.75,4.3299999,0,1.9000001,4,4.3299999,3.8,0,4,4,3.5,4,0,.63999987,3,1,1
256,2016,1,16,3.5,3.5,3.3299999,0,.30000019,3.6700001,5,3.0999999,1,3.75,3,2.75,4.3299999,0,1.9000001,4,4.3299999,0
257,2014,1,5,3,3,3,6,1,3,4,3.8,0,,,,,,,,,
257,2015,1,6,3.75,2.25,2.6700001,0,1,2.3299999,5,2.7,1,3,3,3,3,6,1,3,4,0
257,2016,1,7,3.75,3.25,2.3299999,0,.5,3.6700001,4.6700001,3.0999999,0,3.75,2,2.25,2.6700001,0,1,2.3299999,5,1
258,2014,1,5,3,3,4,0,1.8200002,5,2.3299999,4.1999998,1,,,,,,,,,
258,2015,1,6,3.5,4,3.3299999,0,.5999999,5.6700001,3,2.3,1,3,4,3,4,0,1.8200002,5,2.3299999,1
258,2016,1,7,3,3.75,2.3299999,0,1.0999999,4.3299999,3.3299999,2.4000001,1,3.5,2,4,3.3299999,0,.5999999,5.6700001,3,1
259,2014,1,32,3,4,4,10,1.4499998,3,3.6700001,3.7,1,,,,,,,,,
259,2015,1,33,2,3,4.3299999,14,.30000019,3.3299999,3.9400001,2.9000001,1,3,3,4,4,10,1.4499998,3,3.6700001,1
259,2016,1,34,2.5,4,4.3299999,9,1.3000002,3.3299999,3.6700001,4,0,2,2,3,4.3299999,14,.30000019,3.3299999,3.9400001,1
260,2014,1,2,3.75,4,4,0,1,4.6700001,2.3299999,4.0999999,1,,,,,,,,,
260,2015,1,3,3.75,3,3.6700001,0,2.3000002,4.3299999,3.3299999,3.7,0,3.75,4,4,4,0,1,4.6700001,2.3299999,1
260,2016,1,4,4,3,4,0,.4000001,4.3299999,3.6700001,3.0999999,0,3.75,3,3,3.6700001,0,2.3000002,4.3299999,3.3299999,0
261,2014,1,15,2.5,3.75,5,0,2.0900002,4,3.6700001,4.5999999,1,,,,,,,,,
261,2015,1,16,3.5,4.25,3.3299999,1,.9000001,4.3299999,3.9400001,3.5999999,0,2.5,4,3.75,5,0,2.0900002,4,3.6700001,1
261,2016,1,17,3.25,4.75,3.6700001,0,2.5,3.6700001,4.3299999,4.6999998,1,3.5,3,4.25,3.3299999,1,.9000001,4.3299999,3.9400001,0
262,2014,1,14,3.25,4.25,4,0,1.6399999,4,4.6700001,2.3,1,,,,,,,,,
262,2015,1,15,3.75,4.75,4,0,1.5999999,4.3299999,3.6700001,2.9000001,1,3.25,2,4.25,4,0,1.6399999,4,4.6700001,1
262,2016,1,16,4.25,3.75,4,14,1.0999999,3.6700001,4,3.3,0,3.75,2,4.75,4,0,1.5999999,4.3299999,3.6700001,1
263,2014,1,19,3.25,3.25,3.6700001,0,2,4,2.6700001,3.8,0,,,,,,,,,
263,2015,1,20,2.75,3.5,3.3299999,0,1.9000001,3.6700001,3.3299999,2.3,1,3.25,3,3.25,3.6700001,0,2,4,2.6700001,0
263,2016,1,21,2.75,3.5,4,5,2.6999998,3.3299999,2.6700001,3.5,0,2.75,2,3.5,3.3299999,0,1.9000001,3.6700001,3.3299999,1
264,2014,1,19,3.25,3,3.3299999,0,1.8200002,4.3299999,4.6700001,4.9000001,0,,,,,,,,,
264,2015,1,20,3,3,2.6700001,10,.5999999,3.3299999,5,3.0999999,0,3.25,4,3,3.3299999,0,1.8200002,4.3299999,4.6700001,0
264,2016,1,21,3,3,3.3299999,2,2.0999999,2.3299999,3.3299999,3.9000001,0,3,3,3,2.6700001,10,.5999999,3.3299999,5,0
265,2014,1,19,2.25,3,3.6700001,0,1.4499998,5,4,3.2,1,,,,,,,,,
265,2015,1,20,3,3.25,3,11,1.4000001,4,3.6700001,4.5,1,2.25,3,3,3.6700001,0,1.4499998,5,4,1
265,2016,1,21,2.25,3,2.6700001,3,1.4000001,4.6700001,3.3299999,3.5999999,0,3,4,3.25,3,11,1.4000001,4,3.6700001,1
267,2014,2,4,2.5,3.25,3,0,2.3600001,4.6700001,1,4,0,,,,,,,,,
267,2015,2,5,1.75,3.25,3.3299999,2,1.1999998,3.6700001,2.6700001,4.3000002,1,2.5,3,3.25,3,0,2.3600001,4.6700001,1,0
267,2016,2,6,1.5,2.25,3,5,1.6999998,3.6700001,2.3299999,4.6999998,1,1.75,4,3.25,3.3299999,2,1.1999998,3.6700001,2.6700001,1
269,2014,1,3,3.25,4,4,0,2.3600001,4,3.3299999,4.1999998,1,,,,,,,,,
269,2015,1,4,3.5,4,4,13,1.1999998,4.6700001,3.3299999,3.5,0,3.25,4,4,4,0,2.3600001,4,3.3299999,1
269,2016,1,5,3,4,4.6700001,2,2.4000001,3.6700001,3.6700001,4.8000002,1,3.5,3,4,4,13,1.1999998,4.6700001,3.3299999,0
270,2014,2,12,3.5,3.25,3,0,2.9099998,4,2,3,0,,,,,,,,,
270,2015,2,13,2.5,2.75,3,15,1.5999999,3.6700001,3.3299999,2.2,1,3.5,3,3.25,3,0,2.9099998,4,2,0
270,2016,2,14,3,2,3,0,2,4,3.3299999,3.4000001,1,2.5,2,2.75,3,15,1.5999999,3.6700001,3.3299999,1
271,2014,1,15,3,3,4,0,2.4499998,3,3,4.4000001,1,,,,,,,,,
271,2015,1,16,4,2,3.3299999,1,1.4000001,4,5,4.5999999,1,3,4,3,4,0,2.4499998,3,3,1
271,2016,1,17,4.75,2.75,4.3299999,0,3.0999999,3.6700001,4.6700001,3,0,4,4,2,3.3299999,1,1.4000001,4,5,1
272,2014,1,1,4,4,4,0,1.8200002,3,1.67,3.8,1,,,,,,,,,
272,2015,1,2,4.75,4.5,3.3299999,0,1.6999998,2.6700001,2,3.3,0,4,3,4,4,0,1.8200002,3,1.67,1
272,2016,1,3,3.5,4,3.3299999,0,2.0999999,2.6700001,1.67,3.2,1,4.75,3,4.5,3.3299999,0,1.6999998,2.6700001,2,0
275,2014,1,14,2,2.75,3.3299999,0,3.1800001,4.3299999,2.6700001,3.3,0,,,,,,,,,
275,2015,1,15,2.75,3.25,4,0,2.0999999,3.3299999,5,3,1,2,3,2.75,3.3299999,0,3.1800001,4.3299999,2.6700001,0
275,2016,1,16,2.75,3.75,3,0,3.8,2.3299999,4.6700001,3.9000001,0,2.75,3,3.25,4,0,2.0999999,3.3299999,5,1
277,2014,2,1,1.25,3,3,0,4.0900002,4,3.6700001,2.4000001,1,,,,,,,,,
277,2015,2,2,2.5,3,4,2,2.9000001,4.3299999,5,2.5999999,0,1.25,2,3,3,0,4.0900002,4,3.6700001,1
277,2016,2,3,2.75,4.25,3.6700001,0,5,4.6700001,5,3.8,1,2.5,2,3,4,2,2.9000001,4.3299999,5,0
279,2014,1,3,3,4,4,0,2.27,3,3.6700001,4.4000001,1,,,,,,,,,
279,2015,1,4,3.75,4.5,3.6700001,5,1.0999999,3,4.6700001,3.2,0,3,4,4,4,0,2.27,3,3.6700001,1
279,2016,1,5,4.5,4.5,4.6700001,2,2.5,3,5,4,1,3.75,3,4.5,3.6700001,5,1.0999999,3,4.6700001,0
280,2014,1,5,3.25,4.25,4,0,1.6399999,4,4,4.9000001,1,,,,,,,,,
280,2015,1,6,3.75,3.25,3.6700001,0,1.5999999,4.3299999,4,4.8000002,1,3.25,4,4.25,4,0,1.6399999,4,4,1
280,2016,1,7,4,3.5,3.6700001,3,1.4000001,4,4.3299999,4,0,3.75,4,3.25,3.6700001,0,1.5999999,4.3299999,4,1
281,2014,2,2,3.5,4,4,4,1.27,2.3299999,2,4.3000002,1,,,,,,,,,
281,2015,2,3,3,4.5,5,0,.099999905,2,5,4.5999999,0,3.5,4,4,4,4,1.27,2.3299999,2,1
281,2016,2,4,3.5,3.25,5,2,1.9000001,3.0599999,4.6700001,3.9000001,0,3,4,4.5,5,0,.099999905,2,5,0
282,2014,1,0,3.75,4,3,2,2,3.6700001,2.6700001,1.7,1,,,,,,,,,
282,2015,1,1,3.75,3.25,4,0,1.9000001,3,2.3299999,1.6,0,3.75,1,4,3,2,2,3.6700001,2.6700001,1
282,2016,1,2,3.25,4.25,5,0,2.3000002,3,1.67,1.8,0,3.75,1,3.25,4,0,1.9000001,3,2.3299999,0
283,2014,2,3,3.75,4,3,0,1.5500002,4,3.6700001,4.5,1,,,,,,,,,
283,2015,2,4,3.5,4.75,2.6700001,2,.30000019,4.3299999,5,3.5999999,0,3.75,4,4,3,0,1.5500002,4,3.6700001,1
283,2016,2,5,3,3.75,3,1,1.6999998,5,3.3299999,4.5,1,3.5,3,4.75,2.6700001,2,.30000019,4.3299999,5,0
284,2014,1,15,3,4,4,0,1.6399999,3.3299999,3.3299999,3.7,0,,,,,,,,,
284,2015,1,16,2,4.25,5,0,.5,2.3299999,3.6700001,3.3,1,3,3,4,4,0,1.6399999,3.3299999,3.3299999,0
284,2016,1,17,2.5,4.75,3.6700001,18,2.5,3.6700001,3.6700001,3.8,0,2,3,4.25,5,0,.5,2.3299999,3.6700001,1
285,2014,1,5,1.75,3,4,0,3,5,4,2.0999999,1,,,,,,,,,
285,2015,1,6,1,3.25,4.3299999,1,1.9000001,4.6700001,5,2.9000001,0,1.75,2,3,4,0,3,5,4,1
285,2016,1,7,1.75,3.75,3.6700001,2,2.8000002,5,4.6700001,2.0999999,0,1,2,3.25,4.3299999,1,1.9000001,4.6700001,5,0
286,2014,1,0,3.25,3.5,4.6700001,3,2.0900002,3.6700001,2.6700001,3.7,0,,,,,,,,,
286,2015,1,1,3.25,3.5,4,0,1,4,5,1.6,0,3.25,3,3.5,4.6700001,3,2.0900002,3.6700001,2.6700001,0
286,2016,1,2,3,3.25,3.3299999,0,1.4000001,4,4.3299999,3.9000001,0,3.25,1,3.5,4,0,1,4,5,0
287,2014,1,10,3.75,3.75,3.6700001,0,2.0900002,4,2.3299999,5.6999998,0,,,,,,,,,
287,2015,1,11,4.25,3,4,0,1.0999999,4.6700001,4.3299999,3.0999999,0,3.75,5,3.75,3.6700001,0,2.0900002,4,2.3299999,0
287,2016,1,12,3.75,3.75,3,2,1.4000001,5.3299999,4.6700001,4.8000002,1,4.25,3,3,4,0,1.0999999,4.6700001,4.3299999,0
288,2014,1,21,3.5,4,4,0,1.6399999,3.3299999,3,4.8000002,1,,,,,,,,,
288,2015,1,22,3.5,4.5,5,0,.5,3.3299999,5,3.3,0,3.5,4,4,4,0,1.6399999,3.3299999,3,1
288,2016,1,23,4.25,4.25,4.6700001,1,.80000019,3.3299999,4.3299999,2.5999999,1,3.5,3,4.5,5,0,.5,3.3299999,5,0
289,2014,1,10,2,3.5,4,0,2.5500002,4,4,5.3000002,1,,,,,,,,,
289,2015,1,11,1.25,4.25,4.3299999,0,1.4000001,4.6700001,3.6700001,3.2,0,2,5,3.5,4,0,2.5500002,4,4,1
289,2016,1,12,1,3.5,5,0,2.3000002,5,4.3299999,3.7,0,1.25,3,4.25,4.3299999,0,1.4000001,4.6700001,3.6700001,0
291,2014,1,16,3.75,3.25,4,0,1.73,4,3,4.3000002,1,,,,,,,,,
291,2015,1,17,4.75,3,4,0,.5,3,3.9400001,3.8,1,3.75,4,3.25,4,0,1.73,4,3,1
291,2016,1,18,4.5,2.25,3.3299999,0,2.4000001,2.3299999,4,3.3,0,4.75,3,3,4,0,.5,3,3.9400001,1
292,2014,2,9,4,3.5,4,0,1.0900002,3,1.67,5.8000002,1,,,,,,,,,
292,2015,2,10,3.25,3.5,4,0,1,2.6700001,4,4.3000002,1,4,5,3.5,4,0,1.0900002,3,1.67,1
292,2016,2,11,4,3,4.6700001,0,.80000019,3.3299999,4.3299999,5,1,3.25,4,3.5,4,0,1,2.6700001,4,1
294,2014,1,15,3,3,3,0,3.27,4.3299999,3.3299999,6,0,,,,,,,,,
294,2015,1,16,2.75,3,2.3299999,0,2.1999998,3.6700001,3.3299999,1.6,0,3,5,3,3,0,3.27,4.3299999,3.3299999,0
294,2016,1,17,3,2.75,1.33,0,2.9000001,4,3.6700001,2.4000001,1,2.75,1,3,2.3299999,0,2.1999998,3.6700001,3.3299999,0
296,2014,2,1,2.75,2.5,2.6700001,0,2.73,5.3299999,4.6700001,3.7,0,,,,,,,,,
296,2015,2,2,3.75,1.5,3,6,1.5,4.3299999,5,2.4000001,0,2.75,3,2.5,2.6700001,0,2.73,5.3299999,4.6700001,0
296,2016,2,3,4.25,2.75,2.6700001,2,3.5999999,4,4.6700001,2.9000001,1,3.75,2,1.5,3,6,1.5,4.3299999,5,0
297,2014,2,8,2.25,3,3,0,3.8199999,4,1.67,3.9000001,0,,,,,,,,,
297,2015,2,9,2,2.25,4,1,2.5999999,4.6700001,1.67,2.4000001,1,2.25,3,3,3,0,3.8199999,4,1.67,0
297,2016,2,10,2,1.75,4.3299999,4,4.1999998,3.6700001,2,3.5,1,2,2,2.25,4,1,2.5999999,4.6700001,1.67,1
298,2014,1,1,3.75,4,3,0,1.4499998,3,2,2.0999999,1,,,,,,,,,
298,2015,1,2,4,4.75,3,0,1.3000002,3.3299999,1.67,1.4,0,3.75,2,4,3,0,1.4499998,3,2,1
298,2016,1,3,3.5,5,3.6700001,1,1.5999999,3.3299999,2,2.5999999,1,4,1,4.75,3,0,1.3000002,3.3299999,1.67,0
300,2014,2,20,2,3,3,1,3.1800001,4.3299999,4,4.6999998,0,,,,,,,,,
300,2015,2,21,2.5,2.75,3.6700001,0,2.0999999,4.6700001,3.3299999,4.5999999,1,2,4,3,3,1,3.1800001,4.3299999,4,0
300,2016,2,22,2.25,2.25,2.6700001,0,3.4000001,4.3299999,2.6700001,6,1,2.5,4,2.75,3.6700001,0,2.0999999,4.6700001,3.3299999,1
301,2014,1,4,3.75,3.25,4,0,2.1799998,3.6700001,2,5,1,,,,,,,,,
301,2015,1,5,4.25,3,4.6700001,0,.9000001,4,5,4.5999999,0,3.75,4,3.25,4,0,2.1799998,3.6700001,2,1
301,2016,1,6,4,4,4,11,2,3.3299999,3.6700001,4.3000002,1,4.25,4,3,4.6700001,0,.9000001,4,5,0
302,2014,1,1,3.25,3.5,3,0,2.5500002,3.6700001,4.3299999,4.5,1,,,,,,,,,
302,2015,1,2,3.75,4,3.3299999,2,1.5,2.3299999,5,3,0,3.25,4,3.5,3,0,2.5500002,3.6700001,4.3299999,1
302,2016,1,3,3.5,4.5,3.3299999,0,2.1999998,2.6700001,3.6700001,2.9000001,1,3.75,3,4,3.3299999,2,1.5,2.3299999,5,0
305,2014,2,1,3.5,4,3.3299999,0,1.1799998,3.6700001,2,1.8,0,,,,,,,,,
305,2015,2,2,3,5,2.6700001,2,1.0999999,4,3.6700001,1.6,0,3.5,1,4,3.3299999,0,1.1799998,3.6700001,2,0
305,2016,2,3,3.5,4.5,3.3299999,12,.9000001,3.3299999,4.3299999,1.1,0,3,1,5,2.6700001,2,1.0999999,4,3.6700001,0
306,2014,1,17,4,4,4,0,1.0900002,3,1.67,4,1,,,,,,,,,
306,2015,1,18,4.5,3.5,3.3299999,0,1,3.6700001,4.3299999,2.4000001,1,4,3,4,4,0,1.0900002,3,1.67,1
306,2016,1,19,4,3,4.3299999,0,1.5999999,3,4,2.4000001,1,4.5,2,3.5,3.3299999,0,1,3.6700001,4.3299999,1
308,2014,1,15,3,3,3,0,1.8200002,4,4,3.5,0,,,,,,,,,
308,2015,1,16,2,3.75,4,3,1.6999998,3,4.3299999,3.4000001,0,3,3,3,3,0,1.8200002,4,4,0
308,2016,1,17,2.25,3,5,12,1,3.3299999,4.6700001,3.2,0,2,3,3.75,4,3,1.6999998,3,4.3299999,0
309,2014,1,1,3,3.25,3,0,1.5500002,5,3,3.7,0,,,,,,,,,
309,2015,1,2,3.75,2.5,2.3299999,1,.30000019,5,5,3.3,0,3,3,3.25,3,0,1.5500002,5,3,0
309,2016,1,3,4.25,3,3,0,2.1999998,4.3299999,4.3299999,2.4000001,0,3.75,3,2.5,2.3299999,1,.30000019,5,5,0
310,2014,1,19,3.5,3.75,5,5,.73000002,3,1.33,2.5999999,1,,,,,,,,,
310,2015,1,20,4.25,3.25,5,5,2,3.6700001,2,2.9000001,1,3.5,2,3.75,5,5,.73000002,3,1.33,1
310,2016,1,21,4.5,4.5,5,0,1.9000001,4,1.67,2.9000001,1,4.25,2,3.25,5,5,2,3.6700001,2,1
311,2014,2,5,3,3,3,13,2.27,3.6700001,3,3.7,0,,,,,,,,,
311,2015,2,6,3,3.5,3.6700001,0,1.0999999,3.3299999,2.6700001,2.5,1,3,3,3,3,13,2.27,3.6700001,3,0
311,2016,2,7,2.75,4,3,0,2.5,3.3299999,2,1.6,0,3,2,3.5,3.6700001,0,1.0999999,3.3299999,2.6700001,1
313,2014,2,1,3.75,4,5,0,2.0900002,4,3.6700001,5,1,,,,,,,,,
313,2015,2,2,3.75,4,3.9400001,0,1.0999999,4.6700001,3.6700001,2.8,1,3.75,4,4,5,0,2.0900002,4,3.6700001,1
313,2016,2,3,3.5,4,4.6700001,14,1.5999999,5.3299999,3.3299999,2.2,1,3.75,2,4,3.9400001,0,1.0999999,4.6700001,3.6700001,1
314,2014,2,9,3.25,3,3.3299999,0,1.4499998,4,2,3.7,1,,,,,,,,,
314,2015,2,10,3.5,3.25,3.6700001,0,.30000019,3.3299999,3.6700001,3.3,0,3.25,3,3,3.3299999,0,1.4499998,4,2,1
314,2016,2,11,3,2.25,3,0,1.9000001,2.6700001,3.3299999,4.1999998,1,3.5,3,3.25,3.6700001,0,.30000019,3.3299999,3.6700001,0
315,2014,2,22,4.75,4.75,3.6700001,0,.63999987,3,1,3.5999999,1,,,,,,,,,
315,2015,2,23,5,3.5,3.6700001,0,2.0999999,3,2,3.5999999,1,4.75,3,4.75,3.6700001,0,.63999987,3,1,1
315,2016,2,24,3.75,3.25,3,0,.19999981,2,1.67,3.5,0,5,3,3.5,3.6700001,0,2.0999999,3,2,1
318,2014,2,2,4,4,5,0,.63999987,2.3299999,1.33,5.8000002,1,,,,,,,,,
318,2015,2,3,3,4.25,3.9400001,7,1.9000001,3,4,4.5,1,4,5,4,5,0,.63999987,2.3299999,1.33,1
318,2016,2,4,3.25,4.75,4,3,1.5,3,3.6700001,4.5,1,3,4,4.25,3.9400001,7,1.9000001,3,4,1
319,2014,1,21,3.75,3.25,4,0,1.73,3.3299999,3.3299999,2.5,1,,,,,,,,,
319,2015,1,22,3,3.25,4.3299999,4,1.5999999,2,5,4.0999999,1,3.75,2,3.25,4,0,1.73,3.3299999,3.3299999,1
319,2016,1,23,3.75,3.25,3.3299999,0,1.5,3.3299999,3.3299999,4.4000001,1,3,4,3.25,4.3299999,4,1.5999999,2,5,1
321,2014,1,15,2.5,3.5,3.6700001,6,2.6399999,3.6700001,5,2,0,,,,,,,,,
321,2015,1,16,3.5,3.75,3,1,1.5999999,2.3299999,5,3.5999999,1,2.5,2,3.5,3.6700001,6,2.6399999,3.6700001,5,0
321,2016,1,17,3.25,3,2.3299999,27,2.1999998,2.3299999,5,3.2,0,3.5,3,3.75,3,1,1.5999999,2.3299999,5,1
322,2014,1,2,3,4,4,0,1.9099998,4,1.67,2.5,0,,,,,,,,,
322,2015,1,3,2.75,4.75,4.3299999,14,.69999981,3,3,3.5,0,3,2,4,4,0,1.9099998,4,1.67,0
322,2016,1,4,2.5,3.75,4.3299999,1,1.4000001,3.3299999,2.3299999,3,0,2.75,3,4.75,4.3299999,14,.69999981,3,3,0
324,2014,1,1,3.25,2.5,3,0,3,3.3299999,4.6700001,2.4000001,1,,,,,,,,,
324,2015,1,2,3.5,3,3,2,1.8000002,2.6700001,5,1.6,0,3.25,2,2.5,3,0,3,3.3299999,4.6700001,1
324,2016,1,3,3,3.25,4,14,3.8,3.6700001,3.3299999,3.5999999,0,3.5,1,3,3,2,1.8000002,2.6700001,5,0
325,2014,1,6,3.5,3.25,3,0,2,3.6700001,1.67,3.9000001,0,,,,,,,,,
325,2015,1,7,3.5,4,3.6700001,3,.80000019,4,3.3299999,3.9000001,0,3.5,3,3.25,3,0,2,3.6700001,1.67,0
325,2016,1,8,3.75,5,3,0,1.4000001,4.6700001,3,3.9000001,0,3.5,3,4,3.6700001,3,.80000019,4,3.3299999,0
326,2014,1,9,2.5,4,3.6700001,0,2.0900002,5,4,4.9000001,1,,,,,,,,,
326,2015,1,10,2.5,4,4.6700001,2,1,4.3299999,5,4.9000001,1,2.5,4,4,3.6700001,0,2.0900002,5,4,1
326,2016,1,11,2.25,4,4.3299999,6,1.5999999,4.6700001,4.6700001,5.5999999,1,2.5,4,4,4.6700001,2,1,4.3299999,5,1
327,2014,1,3,4,3.25,4,0,1.73,4.6700001,1.67,4.9000001,1,,,,,,,,,
327,2015,1,4,3.5,4.25,4.3299999,1,1.5999999,5.6700001,4,3.3,0,4,4,3.25,4,0,1.73,4.6700001,1.67,1
327,2016,1,5,3.25,5,4.6700001,0,1.9000001,4.6700001,3.6700001,3.9000001,0,3.5,3,4.25,4.3299999,1,1.5999999,5.6700001,4,0
329,2014,1,14,3.5,4,4.3299999,0,1.1799998,3,3.3299999,3.3,0,,,,,,,,,
329,2015,1,15,2.75,3.25,5,1,1.1999998,2.3299999,5,3,1,3.5,3,4,4.3299999,0,1.1799998,3,3.3299999,0
329,2016,1,16,2.5,3.5,3.6700001,0,1,2.6700001,3.3299999,2.5999999,1,2.75,2,3.25,5,1,1.1999998,2.3299999,5,1
331,2014,2,4,4,4,4,0,1.0900002,3,2,5.3000002,0,,,,,,,,,
331,2015,2,5,4,4.5,4.3299999,0,2.4000001,2.3299999,4.6700001,3.9000001,0,4,5,4,4,0,1.0900002,3,2,0
331,2016,2,6,4.5,3.75,4,1,.9000001,2.6700001,4.3299999,4.1999998,1,4,3,4.5,4.3299999,0,2.4000001,2.3299999,4.6700001,0
334,2014,1,4,2.5,3.75,4,0,1.8200002,3.3299999,1.67,3.7,0,,,,,,,,,
334,2015,1,5,2.25,3.75,4.6700001,7,.69999981,3,5,3.3,0,2.5,3,3.75,4,0,1.8200002,3.3299999,1.67,0
334,2016,1,6,2.5,4.25,3.6700001,7,1,2.6700001,3.3299999,4.9000001,1,2.25,3,3.75,4.6700001,7,.69999981,3,5,0
335,2014,1,1,3.25,2.75,3,0,2.5500002,5.3299999,3.6700001,2.9000001,1,,,,,,,,,
335,2015,1,2,3.25,1.75,2.6700001,0,1.5,4.6700001,3.9400001,1.1,0,3.25,2,2.75,3,0,2.5500002,5.3299999,3.6700001,1
335,2016,1,3,3,3,2,3,2.4000001,5.3299999,3.6700001,2.9000001,1,3.25,1,1.75,2.6700001,0,1.5,4.6700001,3.9400001,0
337,2014,1,20,4.25,3.25,5,0,1.4499998,3,3.3299999,3.5,0,,,,,,,,,
337,2015,1,21,4.5,3.25,5,0,.19999981,2.6700001,4.3299999,3.5999999,1,4.25,3,3.25,5,0,1.4499998,3,3.3299999,0
337,2016,1,22,5,3.75,4.6700001,1,.9000001,2.3299999,5,3.5,0,4.5,3,3.25,5,0,.19999981,2.6700001,4.3299999,1
340,2014,1,7,3,3,3.6700001,0,2.6399999,5,3.3299999,4.3000002,1,,,,,,,,,
340,2015,1,8,2,3.75,4.3299999,0,1.4000001,5,3,4.3000002,1,3,4,3,3.6700001,0,2.6399999,5,3.3299999,1
340,2016,1,9,2,4.25,4.3299999,0,2.0999999,5,3,4.5999999,1,2,4,3.75,4.3299999,0,1.4000001,5,3,1
341,2014,1,35,4,3.75,3.3299999,0,.90999985,4,3.3299999,3.0999999,1,,,,,,,,,
341,2015,1,36,4.75,4,3,0,2.1999998,5,3.3299999,3,1,4,3,3.75,3.3299999,0,.90999985,4,3.3299999,1
341,2016,1,37,5,3.5,3.6700001,0,1.9000001,5.3299999,3.6700001,4.9000001,1,4.75,2,4,3,0,2.1999998,5,3.3299999,1
342,2014,1,15,3.5,4,3.3299999,0,1,3,3.3299999,3.5,0,,,,,,,,,
342,2015,1,16,3.25,3.25,3.6700001,0,2.4000001,3.6700001,4.6700001,2.5999999,0,3.5,3,4,3.3299999,0,1,3,3.3299999,0
342,2016,1,17,4.25,3.5,4,1,1,3,4.6700001,4.8000002,1,3.25,2,3.25,3.6700001,0,2.4000001,3.6700001,4.6700001,0
344,2014,1,8,3,3.25,4,0,2.3600001,5.3299999,2,4,0,,,,,,,,,
344,2015,1,9,2.5,3,4.3299999,2,1.0999999,4.6700001,2,2.5,1,3,3,3.25,4,0,2.3600001,5.3299999,2,0
344,2016,1,10,2,3.25,5,0,3.2,4.6700001,2,4.3000002,1,2.5,2,3,4.3299999,2,1.0999999,4.6700001,2,1
346,2014,1,3,4,4,5,0,.82000017,2.6700001,1.33,4,0,,,,,,,,,
346,2015,1,4,3.75,3.25,5,0,2.1999998,2,1,2,0,4,3,4,5,0,.82000017,2.6700001,1.33,0
346,2016,1,5,3.75,4.25,4.6700001,0,1.4000001,2.3299999,1.33,4.9000001,1,3.75,1,3.25,5,0,2.1999998,2,1,0
347,2014,2,4,4,3.75,4,0,.90999985,3.3299999,2,3.3,0,,,,,,,,,
347,2015,2,5,3.75,3.75,3.3299999,0,2.1999998,3.3299999,3.6700001,1.1,0,4,3,3.75,4,0,.90999985,3.3299999,2,0
347,2016,2,6,4.5,3.25,4,2,1.1999998,2.6700001,3,3.5,0,3.75,1,3.75,3.3299999,0,2.1999998,3.3299999,3.6700001,0
348,2014,1,1,2.25,2.75,3,5,3.73,5.3299999,4,3.8,0,,,,,,,,,
348,2015,1,2,3,3.5,2.3299999,0,2.5,5.6700001,5,2.7,1,2.25,3,2.75,3,5,3.73,5.3299999,4,0
348,2016,1,3,2.75,4.25,3,2,3.5,4.3299999,4.6700001,3.3,0,3,2,3.5,2.3299999,0,2.5,5.6700001,5,1
349,2014,1,2,4.5,4,4,3,3.1800001,3.3299999,1,2.0999999,0,,,,,,,,,
349,2015,1,3,3.75,4.5,5,2,2.0999999,2.6700001,3.3299999,1.9,0,4.5,2,4,4,3,3.1800001,3.3299999,1,0
349,2016,1,4,4.25,4.25,5,5,2.4000001,2.6700001,3.3299999,3.9000001,1,3.75,1,4.5,5,2,2.0999999,2.6700001,3.3299999,0
350,2014,1,24,2.25,3,3.6700001,0,2.8200002,5.3299999,4.6700001,4,0,,,,,,,,,
350,2015,1,25,1.75,2.75,3.3299999,0,1.6999998,6,4.3299999,3.8,0,2.25,3,3,3.6700001,0,2.8200002,5.3299999,4.6700001,0
350,2016,1,26,1.75,2.25,4.3299999,0,2.5,6,5,3,0,1.75,3,2.75,3.3299999,0,1.6999998,6,4.3299999,0
352,2014,1,6,4,3.5,3.6700001,0,1.73,3.6700001,3,4.5999999,0,,,,,,,,,
352,2015,1,7,3.5,2.5,3.3299999,0,1.6999998,4,5,3.0999999,0,4,4,3.5,3.6700001,0,1.73,3.6700001,3,0
352,2016,1,8,3.75,2.75,2.6700001,0,2.5,3,4.3299999,4.5999999,1,3.5,3,2.5,3.3299999,0,1.6999998,4,5,0
354,2014,2,10,3,3.25,3.3299999,0,1.6399999,4.6700001,2,4.3000002,1,,,,,,,,,
354,2015,2,11,4,3.25,2.3299999,0,1.5999999,4.3299999,4.5999999,3,1,3,4,3.25,3.3299999,0,1.6399999,4.6700001,2,1
354,2016,2,12,3.75,3.75,3,0,2.5,4,5,2.4000001,1,4,3,3.25,2.3299999,0,1.5999999,4.3299999,4.5999999,1
355,2014,1,9,3.5,3.25,3.3299999,0,.90999985,3,2.6700001,4,0,,,,,,,,,
355,2015,1,10,3.75,3,4,1,2.1999998,3,3.3299999,1.9,1,3.5,3,3.25,3.3299999,0,.90999985,3,2.6700001,0
355,2016,1,11,3.25,2.75,4.3299999,0,.30000019,2,3.6700001,2.2,0,3.75,1,3,4,1,2.1999998,3,3.3299999,1
356,2014,1,13,3.75,4,4,0,1.4499998,3.6700001,3,4.9000001,1,,,,,,,,,
356,2015,1,14,3.5,3.5,3.3299999,0,.19999981,2.6700001,3.3299999,4.6999998,1,3.75,4,4,4,0,1.4499998,3.6700001,3,1
356,2016,1,15,3,4,2.6700001,0,1.5,2.6700001,4,3.5,0,3.5,4,3.5,3.3299999,0,.19999981,2.6700001,3.3299999,1
357,2014,1,28,2.25,3,3,0,3.1800001,4.6700001,4,4.5,1,,,,,,,,,
357,2015,1,29,1.75,2.25,3.3299999,0,1.9000001,5.3299999,5,4.5,1,2.25,4,3,3,0,3.1800001,4.6700001,4,1
357,2016,1,30,1.5,2,2.6700001,0,3.0999999,4.6700001,4.3299999,4,1,1.75,4,2.25,3.3299999,0,1.9000001,5.3299999,5,1
359,2014,1,10,4,4,4,0,0,3,2,3.4000001,0,,,,,,,,,
359,2015,1,11,4.25,3.75,3.3299999,1,1.5,2.6700001,5,2.8,1,4,3,4,4,0,0,3,2,0
359,2016,1,12,4,3.25,3,0,1.5,3,3.6700001,3.8,1,4.25,2,3.75,3.3299999,1,1.5,2.6700001,5,1
360,2014,1,10,1.75,3.5,2.3299999,0,3.45,3.3299999,3.6700001,4.9000001,1,,,,,,,,,
360,2015,1,11,2,3.75,3.3299999,0,2.1999998,4,5,3.9000001,1,1.75,4,3.5,2.3299999,0,3.45,3.3299999,3.6700001,1
360,2016,1,12,2,3,3.6700001,1,2.6999998,4.6700001,3.3299999,3.5,0,2,3,3.75,3.3299999,0,2.1999998,4,5,1
361,2014,1,1,2.5,3.75,3.3299999,0,3.6400001,3,4.6700001,3.9000001,0,,,,,,,,,
361,2015,1,2,1.75,3.25,3,1,2.5999999,4,5,2.0999999,1,2.5,3,3.75,3.3299999,0,3.6400001,3,4.6700001,0
361,2016,1,3,2.25,4.5,3.6700001,0,4.5,3.6700001,4.3299999,3.4000001,0,1.75,2,3.25,3,1,2.5999999,4,5,1
362,2014,2,27,3,4,4,0,.82000017,4.6700001,3.6700001,3.3,0,,,,,,,,,
362,2015,2,28,3.75,3.75,3.6700001,5,2.1999998,4.3299999,3.3299999,4.4000001,1,3,3,4,4,0,.82000017,4.6700001,3.6700001,0
362,2016,2,29,4.5,3,2.6700001,2,1.3000002,5,3.3299999,4.3000002,1,3.75,4,3.75,3.6700001,5,2.1999998,4.3299999,3.3299999,1
363,2014,1,39,2.25,3.25,3.6700001,3,3,5,4,4.9000001,1,,,,,,,,,
363,2015,1,40,2,4,4,1,1.9000001,4.6700001,3.3299999,3.5,0,2.25,4,3.25,3.6700001,3,3,5,4,1
363,2016,1,41,2.25,5,3,0,2.3000002,4.6700001,2.6700001,4.1999998,1,2,3,4,4,1,1.9000001,4.6700001,3.3299999,0
364,2014,1,14,3.75,3.5,4,3,2.1799998,4,3.3299999,2.8,1,,,,,,,,,
364,2015,1,15,3,2.75,4.3299999,0,1.1999998,4.6700001,4.3299999,2.8,0,3.75,2,3.5,4,3,2.1799998,4,3.3299999,1
364,2016,1,16,2.75,3.75,3.3299999,0,1.5,4,5,2,1,3,2,2.75,4.3299999,0,1.1999998,4.6700001,4.3299999,0
365,2014,1,13,2.5,3,3.3299999,4,1.5500002,4,3.3299999,3,0,,,,,,,,,
365,2015,1,14,1.75,4,4,8,1.5,4.6700001,3.3299999,3.5,0,2.5,3,3,3.3299999,4,1.5500002,4,3.3299999,0
365,2016,1,15,2,3.5,4.6700001,11,1,5.3299999,2.6700001,5,0,1.75,3,4,4,8,1.5,4.6700001,3.3299999,0
366,2014,1,1,4,4.5,4,0,.73000002,3.6700001,3,2.8,1,,,,,,,,,
366,2015,1,2,4,3.25,3.6700001,0,2.0999999,4.3299999,3.6700001,1,1,4,2,4.5,4,0,.73000002,3.6700001,3,1
366,2016,1,3,3.5,3.25,4.3299999,2,1.9000001,5,4.3299999,2.7,1,4,1,3.25,3.6700001,0,2.0999999,4.3299999,3.6700001,1
367,2014,1,20,4,3.75,4,0,.90999985,3.3299999,3,2.0999999,1,,,,,,,,,
367,2015,1,21,3.25,3,3.6700001,2,2.0999999,3.6700001,4,2.4000001,1,4,2,3.75,4,0,.90999985,3.3299999,3,1
367,2016,1,22,3.25,4,4.3299999,2,1.4000001,4.6700001,3.6700001,5,0,3.25,2,3,3.6700001,2,2.0999999,3.6700001,4,1
369,2014,1,11,2.5,2.25,3,2,2.6399999,4,3,3.0999999,0,,,,,,,,,
369,2015,1,12,2.5,2.5,3.3299999,0,1.5999999,4,5,3.8,0,2.5,3,2.25,3,2,2.6399999,4,3,0
369,2016,1,13,1.75,2.75,2.3299999,0,3.3,3.3299999,3.3299999,2.8,1,2.5,3,2.5,3.3299999,0,1.5999999,4,5,0
370,2014,1,15,3.25,3.75,4,0,1.27,4,2,5.5999999,0,,,,,,,,,
370,2015,1,16,3.25,3.75,3.6700001,0,0,4,3.6700001,5.3000002,1,3.25,5,3.75,4,0,1.27,4,2,0
370,2016,1,17,2.75,4.5,4.3299999,4,1.1999998,4,3,4.9000001,1,3.25,5,3.75,3.6700001,0,0,4,3.6700001,1
371,2014,1,5,2,1.75,3.6700001,6,4.9099998,4.6700001,4,3.5999999,0,,,,,,,,,
371,2015,1,6,1.5,1.25,4.6700001,2,3.9000001,4.6700001,5,4,0,2,3,1.75,3.6700001,6,4.9099998,4.6700001,4,0
371,2016,1,7,2.25,2.5,4.3299999,0,4.8000002,4,5,4.4000001,1,1.5,3,1.25,4.6700001,2,3.9000001,4.6700001,5,0
372,2014,1,10,3,3,3,2,3,4,3,4.1999998,1,,,,,,,,,
372,2015,1,11,2.5,3.25,3.6700001,12,1.8000002,3.3299999,4.3299999,3.3,0,3,4,3,3,2,3,4,3,1
372,2016,1,12,3,3,4.3299999,0,2.1999998,3,4.3299999,2.3,1,2.5,3,3.25,3.6700001,12,1.8000002,3.3299999,4.3299999,0
373,2014,1,20,4,4,4,0,1.3600001,4.6700001,1.33,4,1,,,,,,,,,
373,2015,1,21,4.25,3.25,4.3299999,0,.19999981,4.6700001,2,3.7,0,4,4,4,4,0,1.3600001,4.6700001,1.33,1
373,2016,1,22,5,4,3.6700001,0,1.5999999,5.3299999,1.33,3.4000001,1,4.25,3,3.25,4.3299999,0,.19999981,4.6700001,2,0
376,2014,1,14,2.25,2.5,3.3299999,0,3.73,5,4.3299999,3.4000001,1,,,,,,,,,
376,2015,1,15,2.75,1.75,4,2,2.5999999,5,5,3.3,0,2.25,3,2.5,3.3299999,0,3.73,5,4.3299999,1
376,2016,1,16,3.5,2.5,4.6700001,2,3.5,6,4.6700001,2.8,0,2.75,3,1.75,4,2,2.5999999,5,5,0
378,2014,1,5,3,3,3,4,1.9099998,4,2,5.9000001,1,,,,,,,,,
378,2015,1,6,3.25,2,4,2,1.8000002,2.6700001,3.9400001,4.4000001,1,3,5,3,3,4,1.9099998,4,2,1
378,2016,1,7,2.5,1.25,3.6700001,20,2,2.3299999,3.3299999,4.9000001,1,3.25,4,2,4,2,1.8000002,2.6700001,3.9400001,1
379,2014,1,15,1.25,1.25,3,8,4,5.6700001,4.3299999,4.8000002,1,,,,,,,,,
379,2015,1,16,2.25,1.75,3.6700001,2,2.8000002,5.6700001,5,3.5999999,0,1.25,4,1.25,3,8,4,5.6700001,4.3299999,1
379,2016,1,17,2,2.25,3,1,3.3,4.3299999,3.6700001,2.2,1,2.25,3,1.75,3.6700001,2,2.8000002,5.6700001,5,0
380,2014,2,13,2.5,2.75,3.3299999,4,2.73,4.3299999,3.3299999,3.9000001,0,,,,,,,,,
380,2015,2,14,3.5,2.5,3.6700001,0,1.5,3.6700001,4.3299999,3.5,0,2.5,3,2.75,3.3299999,4,2.73,4.3299999,3.3299999,0
380,2016,2,15,3.75,2.25,2.6700001,0,2.9000001,4,4,3,1,3.5,3,2.5,3.6700001,0,1.5,3.6700001,4.3299999,0
381,2014,1,6,4.25,4.75,5,0,3.3599999,3,4,4.1999998,1,,,,,,,,,
381,2015,1,7,5,4.25,4,0,2.1999998,3.3299999,5,3.5,1,4.25,4,4.75,5,0,3.3599999,3,4,1
381,2016,1,8,3.25,4,4,2,2.5,2.6700001,3.3299999,2.7,1,5,3,4.25,4,0,2.1999998,3.3299999,5,1
385,2014,1,34,1.75,1,2.6700001,,3.0899999,4.6700001,3.3299999,3,0,,,,,,,,,
385,2015,1,35,2.25,2.75,2.3299999,0,1.9000001,5.6700001,4.6700001,2,1,1.75,2,1,2.6700001,,3.0899999,4.6700001,3.3299999,0
385,2016,1,36,1.75,2.75,3,10,2.5,5,4.3299999,2.9000001,0,2.25,2,2.75,2.3299999,0,1.9000001,5.6700001,4.6700001,1
386,2014,1,36,2.25,2,4,,3.0899999,5,3.6700001,2.3,1,,,,,,,,,
386,2015,1,37,3,1.5,4.6700001,5,1.8000002,5.3299999,5,3.7,0,2.25,2,2,4,,3.0899999,5,3.6700001,1
386,2016,1,38,2.75,2.5,4,2,2.9000001,5.3299999,3.3299999,4.5999999,1,3,3,1.5,4.6700001,5,1.8000002,5.3299999,5,0
387,2014,1,29,4,5,4.3299999,,.26999998,2,1,4.5999999,1,,,,,,,,,
387,2015,1,30,3.25,5,4.6700001,0,1.6999998,3.6700001,3,2.4000001,1,4,4,5,4.3299999,,.26999998,2,1,1
387,2016,1,31,4,4.75,4.6700001,2,.099999905,2.6700001,3.6700001,3,1,3.25,2,5,4.6700001,0,1.6999998,3.6700001,3,1
388,2014,2,20,3.25,3,4,,1.9099998,3.6700001,2,3.0999999,0,,,,,,,,,
388,2015,2,21,3.5,3.25,4.3299999,8,1.9000001,3,2,2.7,1,3.25,3,3,4,,1.9099998,3.6700001,2,0
388,2016,2,22,3,3,5,3,2.4000001,3.3299999,2.3299999,3.3,0,3.5,2,3.25,4.3299999,8,1.9000001,3,2,1
390,2014,1,29,3.5,3.25,4,,1,4,1.67,4.3000002,1,,,,,,,,,
390,2015,1,30,3.75,2.5,4.3299999,2,2.1999998,4.3299999,4.5999999,3.2,0,3.5,4,3.25,4,,1,4,1.67,1
390,2016,1,31,4.5,3.25,3.3299999,0,1.6999998,4.3299999,4.6700001,1.1,0,3.75,3,2.5,4.3299999,2,2.1999998,4.3299999,4.5999999,0
391,2014,1,1,3.5,2.75,3.6700001,,1.8200002,4.3299999,4,5.8000002,0,,,,,,,,,
391,2015,1,2,4.25,3.25,4,0,1.8000002,3.6700001,4,5.4000001,1,3.5,5,2.75,3.6700001,,1.8200002,4.3299999,4,0
391,2016,1,3,4.75,3.25,5,0,2.5,4,3.3299999,5.3000002,1,4.25,5,3.25,4,0,1.8000002,3.6700001,4,1
392,2014,1,22,3.75,4,3.3299999,,1.1799998,4,3,4,0,,,,,,,,,
392,2015,1,23,3.75,4,3.6700001,1,1.0999999,4.6700001,5,2.4000001,1,3.75,4,4,3.3299999,,1.1799998,4,3,0
392,2016,1,24,4,3,4.3299999,0,1.0999999,5.6700001,5,4.3000002,1,3.75,2,4,3.6700001,1,1.0999999,4.6700001,5,1
393,2014,1,17,3,3,4,,1.0900002,3.3299999,2,3.7,0,,,,,,,,,
393,2015,1,18,2.25,2.5,3.3299999,0,1.0999999,3,4,2.9000001,1,3,3,3,4,,1.0900002,3.3299999,2,0
393,2016,1,19,1.75,2.5,3.6700001,0,.30000019,3,3.6700001,4.9000001,1,2.25,2,2.5,3.3299999,0,1.0999999,3,4,1
394,2014,1,26,2,2.75,3.3299999,,3.55,5,4.6700001,4.3000002,1,,,,,,,,,
394,2015,1,27,2,3.25,3,0,2.3000002,5.6700001,5,3.3,0,2,4,2.75,3.3299999,,3.55,5,4.6700001,1
394,2016,1,28,2.5,2.5,4,1,4.0999999,4.3299999,3.6700001,3.2,0,2,3,3.25,3,0,2.3000002,5.6700001,5,0
395,2014,1,6,3.75,3.5,3.3299999,,1.4499998,4,3.3299999,2.9000001,1,,,,,,,,,
395,2015,1,7,2.75,2.5,3.3299999,2,.30000019,5,5,1.2,0,3.75,2,3.5,3.3299999,,1.4499998,4,3.3299999,1
395,2016,1,8,3,2.25,3,1,2.1999998,4,3.3299999,2.5999999,1,2.75,1,2.5,3.3299999,2,.30000019,5,5,0
396,2014,1,21,3.75,3.25,4.6700001,,1.73,4,3,3.5999999,0,,,,,,,,,
396,2015,1,22,3.5,3.75,4.3299999,7,1.5999999,3.6700001,5,5.6999998,1,3.75,3,3.25,4.6700001,,1.73,4,3,0
396,2016,1,23,4,3,3.3299999,2,1.6999998,4,4.3299999,3.5999999,0,3.5,5,3.75,4.3299999,7,1.5999999,3.6700001,5,1
397,2014,2,12,4,4,4,,.90999985,3,2,3.8,0,,,,,,,,,
397,2015,2,13,3.5,4.25,4.3299999,0,2.3000002,2.6700001,1.67,3.0999999,0,4,3,4,4,,.90999985,3,2,0
397,2016,2,14,4,4.5,5,4,1.0999999,3,1.67,3.9000001,0,3.5,3,4.25,4.3299999,0,2.3000002,2.6700001,1.67,0
398,2014,1,13,1.75,3.25,3.6700001,,3.8199999,4.3299999,2.6700001,2.9000001,0,,,,,,,,,
398,2015,1,14,1.5,2.75,3,0,2.8000002,4.3299999,3.6700001,2.7,1,1.75,2,3.25,3.6700001,,3.8199999,4.3299999,2.6700001,0
398,2016,1,15,1.5,2,3,0,3.2,5,4.3299999,2.3,1,1.5,2,2.75,3,0,2.8000002,4.3299999,3.6700001,1
399,2014,1,8,2,4,3.3299999,,2,3,2.3299999,4.3000002,1,,,,,,,,,
399,2015,1,9,2.25,3.5,4.3299999,10,.80000019,3.6700001,4,4.1999998,1,2,4,4,3.3299999,,2,3,2.3299999,1
399,2016,1,10,1.75,3,4,13,1.4000001,3,3.3299999,4.0999999,1,2.25,4,3.5,4.3299999,10,.80000019,3.6700001,4,1
400,2014,1,17,1.25,1,4,,3.8199999,6,1.33,3.5,0,,,,,,,,,
400,2015,1,18,2,2,4.6700001,0,2.5999999,4.6700001,5,3,1,1.25,3,1,4,,3.8199999,6,1.33,0
400,2016,1,19,2.75,2.25,3.3299999,0,4.5999999,4,3.6700001,3,0,2,2,2,4.6700001,0,2.5999999,4.6700001,5,1
402,2014,2,2,2.25,3,2.3299999,,3.73,4.3299999,2,5.5,1,,,,,,,,,
402,2015,2,3,2.75,3,1.67,0,2.5,3.6700001,2.6700001,4.3000002,0,2.25,5,3,2.3299999,,3.73,4.3299999,2,1
402,2016,2,4,3,2.75,1,0,4.5999999,4,2.6700001,2.5999999,1,2.75,4,3,1.67,0,2.5,3.6700001,2.6700001,0
403,2014,1,17,1.75,3,2.3299999,,3.73,4.3299999,2.6700001,5.6999998,1,,,,,,,,,
403,2015,1,18,1.25,2.25,3.3299999,2,2.5999999,5,3,4.6999998,1,1.75,5,3,2.3299999,,3.73,4.3299999,2.6700001,1
403,2016,1,19,2.75,3.25,2.3299999,1,3.5999999,4,3.3299999,3.9000001,0,1.25,4,2.25,3.3299999,2,2.5999999,5,3,1
404,2014,2,13,3,3,3.6700001,,1.8200002,4,3,3.5999999,0,,,,,,,,,
404,2015,2,14,2.5,2.25,4.3299999,2,.5999999,4,3,3.9000001,1,3,3,3,3.6700001,,1.8200002,4,3,0
404,2016,2,15,3.25,2.25,3.3299999,2,2.5,4,3.3299999,4.0999999,1,2.5,3,2.25,4.3299999,2,.5999999,4,3,1
405,2014,1,13,3,3,4,,2.6399999,4,4,3,0,,,,,,,,,
405,2015,1,14,4,2.5,3.3299999,2,1.5,3,5,1.9,1,3,3,3,4,,2.6399999,4,4,0
405,2016,1,15,4.75,1.75,4,0,3.0999999,2.3299999,5,2.5,1,4,1,2.5,3.3299999,2,1.5,3,5,1
406,2014,2,23,1.75,2.25,3.6700001,,4.3599997,5.3299999,4.3299999,3.5999999,0,,,,,,,,,
406,2015,2,24,1.25,2.75,3.3299999,3,3.2,4.3299999,5,3.0999999,0,1.75,3,2.25,3.6700001,,4.3599997,5.3299999,4.3299999,0
406,2016,2,25,2.75,3,4,0,4.5999999,4.6700001,3.3299999,3.5,0,1.25,3,2.75,3.3299999,3,3.2,4.3299999,5,0
407,2014,2,20,3,3,3.3299999,,2.5500002,4,3.6700001,4.5999999,1,,,,,,,,,
407,2015,2,21,3,2.75,3.3299999,2,1.5,3.3299999,5,3.2,1,3,4,3,3.3299999,,2.5500002,4,3.6700001,1
407,2016,2,22,2.5,2,4.3299999,0,2.9000001,3.3299999,4.3299999,3.8,0,3,3,2.75,3.3299999,2,1.5,3.3299999,5,1
408,2014,1,12,4,3,4,,1.0900002,4,2,2.5,0,,,,,,,,,
408,2015,1,13,3.75,3.5,3.6700001,2,1.0999999,5,2.3299999,2.4000001,1,4,2,3,4,,1.0900002,4,2,0
408,2016,1,14,3.75,4.5,4,0,1.8000002,5,3,4.6999998,1,3.75,2,3.5,3.6700001,2,1.0999999,5,2.3299999,1
409,2014,1,20,3,3,4.6700001,,3.1800001,4,2,3.0999999,1,,,,,,,,,
409,2015,1,21,3.25,2,4.6700001,13,2.0999999,3.6700001,3.6700001,3.0999999,1,3,3,3,4.6700001,,3.1800001,4,2,1
409,2016,1,22,4,2.25,4.6700001,15,3.8,3,3.3299999,4.0999999,1,3.25,3,2,4.6700001,13,2.0999999,3.6700001,3.6700001,1
410,2014,2,10,2.5,2.75,3,,1.3600001,5,4,4.8000002,1,,,,,,,,,
410,2015,2,11,2.25,3.5,3.3299999,0,1.4000001,4,3.3299999,5.4000001,0,2.5,4,2.75,3,,1.3600001,5,4,1
410,2016,2,12,2,3,2.6700001,3,.9000001,4.6700001,3.3299999,3.5,0,2.25,5,3.5,3.3299999,0,1.4000001,4,3.3299999,0
414,2014,1,8,3,3.25,4,,2.5500002,4.6700001,3.6700001,3,0,,,,,,,,,
414,2015,1,9,3.5,4,3.6700001,0,1.4000001,4.3299999,5,2.4000001,0,3,3,3.25,4,,2.5500002,4.6700001,3.6700001,0
414,2016,1,10,3.25,3.5,4,0,2.5,4,4.3299999,3.0999999,0,3.5,2,4,3.6700001,0,1.4000001,4.3299999,5,0
415,2014,1,15,3.25,4,4.3299999,,2.27,5,2,5.0999999,1,,,,,,,,,
415,2015,1,16,2.5,3.5,4,0,1.0999999,5.3299999,3.9400001,3.2,0,3.25,5,4,4.3299999,,2.27,5,2,1
415,2016,1,17,1.75,4,3,0,1.5,5,4.3299999,2.2,1,2.5,3,3.5,4,0,1.0999999,5.3299999,3.9400001,0
416,2014,1,12,2.5,3.75,4.6700001,,2.1799998,4.6700001,2.6700001,2.5,0,,,,,,,,,
416,2015,1,13,2,4,4,0,1.0999999,5,5,3.9000001,0,2.5,2,3.75,4.6700001,,2.1799998,4.6700001,2.6700001,0
416,2016,1,14,2.5,3.75,4,2,2.5,5,4.3299999,3.5,0,2,3,4,4,0,1.0999999,5,5,0
417,2014,1,11,3,4,4,,1.27,4,1,3.2,0,,,,,,,,,
417,2015,1,12,2.75,4,3.3299999,1,0,4.3299999,3.6700001,1.3,0,3,3,4,4,,1.27,4,1,0
417,2016,1,13,3,4,3,2,1.5999999,4.3299999,4,4,1,2.75,1,4,3.3299999,1,0,4.3299999,3.6700001,0
418,2014,1,2,4,4,4,,.90999985,3,2,3.9000001,0,,,,,,,,,
418,2015,1,3,4,3.75,4.3299999,3,2.1999998,3.6700001,3,3.2,1,4,3,4,4,,.90999985,3,2,0
418,2016,1,4,4.75,3.5,5,0,1.9000001,3.6700001,3.6700001,3.0999999,0,4,3,3.75,4.3299999,3,2.1999998,3.6700001,3,1
419,2014,1,17,3,3,3.6700001,,2.27,4,1.33,3.4000001,0,,,,,,,,,
419,2015,1,18,2,3,4.6700001,16,1,3.6700001,1.33,2.9000001,1,3,3,3,3.6700001,,2.27,4,1.33,0
419,2016,1,19,2.75,2.5,3.3299999,1,3.2,3,1,2.0999999,1,2,2,3,4.6700001,16,1,3.6700001,1.33,1
420,2014,1,2,3,4,4,,2.4499998,4,4,4.0999999,1,,,,,,,,,
420,2015,1,3,3.25,4.25,3.3299999,0,1.3000002,4.3299999,4.6700001,3.4000001,0,3,4,4,4,,2.4499998,4,4,1
420,2016,1,4,3.5,4.25,4,28,2.1999998,4.6700001,4.3299999,2.8,1,3.25,3,4.25,3.3299999,0,1.3000002,4.3299999,4.6700001,0
421,2014,1,11,4,4,4,,1,3,2,4,1,,,,,,,,,
421,2015,1,12,3.25,4.25,4,0,2.3000002,3.3299999,4.6700001,4.9000001,1,4,4,4,4,,1,3,2,1
421,2016,1,13,3.75,5,4.6700001,0,1.5999999,4,4.6700001,4.8000002,1,3.25,4,4.25,4,0,2.3000002,3.3299999,4.6700001,1
422,2014,1,3,4.25,4,4.3299999,,.73000002,3,3,4.1999998,1,,,,,,,,,
422,2015,1,4,3.75,3.75,4.6700001,7,2.1999998,3.3299999,4.3299999,4.8000002,1,4.25,4,4,4.3299999,,.73000002,3,3,1
422,2016,1,5,3.75,3.25,4,0,1.9000001,2.3299999,5,3.8,0,3.75,4,3.75,4.6700001,7,2.1999998,3.3299999,4.3299999,1
423,2014,1,8,2,1.25,4.6700001,,5.0900002,6,5,2.2,1,,,,,,,,,
423,2015,1,9,1.25,1,4,0,3.8,5.6700001,3.3299999,3.4000001,1,2,2,1.25,4.6700001,,5.0900002,6,5,1
423,2016,1,10,2,1,5,0,5.5,5.6700001,3,3.9000001,0,1.25,3,1,4,0,3.8,5.6700001,3.3299999,1
424,2014,1,1,2.75,2.75,3,,2,4.3299999,1.33,2,1,,,,,,,,,
424,2015,1,2,3.5,2.5,2.3299999,0,1,4.6700001,3.3299999,2.3,1,2.75,2,2.75,3,,2,4.3299999,1.33,1
424,2016,1,3,4.25,1.75,1.33,2,1.3000002,3.6700001,3,4.4000001,1,3.5,2,2.5,2.3299999,0,1,4.6700001,3.3299999,1
425,2014,1,5,3.75,3.5,4,,2.0900002,3.6700001,3.3299999,2.2,1,,,,,,,,,
425,2015,1,6,4.75,3,3.6700001,9,.9000001,3,3.6700001,2.5999999,1,3.75,2,3.5,4,,2.0900002,3.6700001,3.3299999,1
425,2016,1,7,4.75,3.75,3.3299999,0,2.4000001,3.3299999,3,3.2,0,4.75,2,3,3.6700001,9,.9000001,3,3.6700001,1
426,2014,1,26,2.5,2.75,3,,2.4499998,4.3299999,3,3.3,0,,,,,,,,,
426,2015,1,27,2.25,3.5,3.3299999,2,1.3000002,4.3299999,5,2.8,0,2.5,3,2.75,3,,2.4499998,4.3299999,3,0
426,2016,1,28,2.25,3.5,3.3299999,7,2.5999999,4,3.3299999,2.4000001,1,2.25,2,3.5,3.3299999,2,1.3000002,4.3299999,5,0
427,2014,1,9,3.5,4,4,,1.4499998,3,2.6700001,5,0,,,,,,,,,
427,2015,1,10,3.5,4.5,4,2,.19999981,4,4.3299999,5.5999999,1,3.5,5,4,4,,1.4499998,3,2.6700001,0
427,2016,1,11,3.75,3.75,5,9,1.1999998,4,5,4.6999998,1,3.5,5,4.5,4,2,.19999981,4,4.3299999,1
428,2014,1,1,4,3.25,4,,1.27,3,1.67,3.7,0,,,,,,,,,
428,2015,1,2,4.5,3.5,3.6700001,0,1.1999998,4,4.3299999,2,0,4,3,3.25,4,,1.27,3,1.67,0
428,2016,1,3,3.25,3.25,3.3299999,17,1.1999998,4,5,2.9000001,0,4.5,1,3.5,3.6700001,0,1.1999998,4,4.3299999,0
429,2014,1,9,2.75,2,2.6700001,,2.8200002,5,2.6700001,4.6999998,1,,,,,,,,,
429,2015,1,10,2,1.5,2.6700001,0,1.5999999,5.6700001,3.6700001,2.3,1,2.75,4,2,2.6700001,,2.8200002,5,2.6700001,1
429,2016,1,11,2.5,2.75,3,0,2.5,5.3299999,3.6700001,3.3,0,2,2,1.5,2.6700001,0,1.5999999,5.6700001,3.6700001,1
430,2014,1,9,4,4,4,,.90999985,3.6700001,2,3.8,0,,,,,,,,,
430,2015,1,10,4,4,3.6700001,0,2.3000002,2.6700001,1.67,2.7,1,4,3,4,4,,.90999985,3.6700001,2,0
430,2016,1,11,3.75,3.75,4.3299999,1,.5999999,3,1.33,3.0999999,1,4,2,4,3.6700001,0,2.3000002,2.6700001,1.67,1
431,2014,1,21,4,4,4,,1,4.6700001,2,4.9000001,0,,,,,,,,,
431,2015,1,22,4.5,3.75,3.6700001,2,2.3000002,5,2.3299999,4,0,4,4,4,4,,1,4.6700001,2,0
431,2016,1,23,4.25,3.25,4.6700001,18,.69999981,6,2.6700001,4.5,1,4.5,3,3.75,3.6700001,2,2.3000002,5,2.3299999,0
432,2014,1,10,2.75,3,3.6700001,,1.8200002,5,2,3.9000001,0,,,,,,,,,
432,2015,1,11,3.25,2.75,3.3299999,1,.5999999,4.6700001,3.6700001,4,1,2.75,3,3,3.6700001,,1.8200002,5,2,0
432,2016,1,12,3.5,2.5,2.3299999,4,1.9000001,4.6700001,4,3.2,0,3.25,3,2.75,3.3299999,1,.5999999,4.6700001,3.6700001,1
433,2014,1,1,3.75,4,2,,.73000002,3,1.33,4.9000001,1,,,,,,,,,
433,2015,1,2,3,4.25,2.6700001,2,2.0999999,2.3299999,3.9400001,3.8,0,3.75,4,4,2,,.73000002,3,1.33,1
433,2016,1,3,2.75,3.25,2,2,.19999981,2.3299999,4.3299999,4.6999998,1,3,3,4.25,2.6700001,2,2.0999999,2.3299999,3.9400001,0
434,2014,1,29,3,3.5,4,,1.27,4,2,4,1,,,,,,,,,
434,2015,1,30,3.75,3.5,3.3299999,0,0,3,5,3.4000001,0,3,4,3.5,4,,1.27,4,2,1
434,2016,1,31,3.5,4,2.6700001,2,1.0999999,3,3.3299999,2.9000001,1,3.75,3,3.5,3.3299999,0,0,3,5,0
435,2014,1,4,3.25,3.75,4,,1.0900002,3,3.6700001,4.5,0,,,,,,,,,
435,2015,1,5,2.5,3.25,3.6700001,0,1,2.6700001,5,3.5,0,3.25,4,3.75,4,,1.0900002,3,3.6700001,0
435,2016,1,6,2,4.25,2.6700001,11,1.5,3.6700001,5,3.7,0,2.5,3,3.25,3.6700001,0,1,2.6700001,5,0
436,2014,1,37,2.5,2.25,3,,4.6400003,5,4,4.4000001,1,,,,,,,,,
436,2015,1,38,3.5,1.5,2.6700001,0,3.5,5.3299999,5,4.6999998,1,2.5,4,2.25,3,,4.6400003,5,4,1
436,2016,1,39,3.75,2.5,3.6700001,0,5.0999999,5.6700001,3.6700001,4.5,1,3.5,4,1.5,2.6700001,0,3.5,5.3299999,5,1
437,2014,1,3,3.5,3,3,,1.8200002,4,2.6700001,3.2,0,,,,,,,,,
437,2015,1,4,4.25,3,3.3299999,1,1.8000002,5,2.3299999,2.5999999,0,3.5,3,3,3,,1.8200002,4,2.6700001,0
437,2016,1,5,4,2,4.3299999,28,1.0999999,5.6700001,2,3.5999999,0,4.25,2,3,3.3299999,1,1.8000002,5,2.3299999,0
438,2014,1,3,4,4,4,,1.27,3,2,3.5999999,0,,,,,,,,,
438,2015,1,4,3.5,3.5,5,2,0,2.6700001,3.3299999,2,0,4,3,4,4,,1.27,3,2,0
438,2016,1,5,3.75,4.25,3.6700001,2,1,2.3299999,3.3299999,2.2,1,3.5,1,3.5,5,2,0,2.6700001,3.3299999,0
439,2014,2,5,2,2.5,3,,2.4499998,4,4,3.7,1,,,,,,,,,
439,2015,2,6,2.75,3.5,4,0,1.4000001,4.3299999,3.3299999,3.0999999,1,2,3,2.5,3,,2.4499998,4,4,1
439,2016,2,7,2.5,4.25,4.3299999,8,2.1999998,3.3299999,2.6700001,3.8,1,2.75,3,3.5,4,0,1.4000001,4.3299999,3.3299999,1
440,2014,1,23,4,4,4.6700001,,1.3600001,2.3299999,1.33,3.9000001,0,,,,,,,,,
440,2015,1,24,3,4.75,4.6700001,17,1.3000002,2.6700001,3.6700001,2.2,1,4,3,4,4.6700001,,1.3600001,2.3299999,1.33,0
440,2016,1,25,2.75,4.75,4.6700001,5,2,3.6700001,3,4.1999998,1,3,2,4.75,4.6700001,17,1.3000002,2.6700001,3.6700001,1
441,2014,1,7,3,3,4,,1.6399999,4,1.33,2.8,1,,,,,,,,,
441,2015,1,8,3.25,2.75,4,0,.5,3,4.6700001,1.6,0,3,2,3,4,,1.6399999,4,1.33,1
441,2016,1,9,4.25,2.5,3.6700001,0,2.5,3,4,2.8,1,3.25,1,2.75,4,0,.5,3,4.6700001,0
443,2014,1,10,3,3,3,,3.27,4,3,4,1,,,,,,,,,
443,2015,1,11,2.5,3.25,3.6700001,0,2.1999998,3.6700001,3.3299999,3.8,1,3,4,3,3,,3.27,4,3,1
443,2016,1,12,3.25,3.75,3.6700001,0,3,3,3.6700001,3.5,0,2.5,3,3.25,3.6700001,0,2.1999998,3.6700001,3.3299999,1
444,2014,1,25,3,2.25,3.6700001,,1.8200002,4,3.3299999,4.5999999,1,,,,,,,,,
444,2015,1,26,2.75,1.25,3.6700001,0,1.8000002,4,3.3299999,4,1,3,4,2.25,3.6700001,,1.8200002,4,3.3299999,1
444,2016,1,27,3.5,1,3.3299999,0,2.3000002,4,3.3299999,3.3,0,2.75,4,1.25,3.6700001,0,1.8000002,4,3.3299999,1
445,2014,1,30,3.75,4,4,,1.0900002,3,3,6,1,,,,,,,,,
445,2015,1,31,3.5,4,5,0,1.0999999,2,4.5999999,3.5,0,3.75,5,4,4,,1.0900002,3,3,1
445,2016,1,32,4.25,3.25,4.3299999,0,1.8000002,2,4,4.4000001,1,3.5,3,4,5,0,1.0999999,2,4.5999999,0
446,2014,1,28,4,4,4,,1.1799998,3,3,4.8000002,1,,,,,,,,,
446,2015,1,29,3,3.75,3.6700001,0,1,3,3.6700001,3,0,4,4,4,4,,1.1799998,3,3,1
446,2016,1,30,3.5,3.5,4.3299999,0,1.9000001,3.3299999,3.6700001,3.0999999,0,3,3,3.75,3.6700001,0,1,3,3.6700001,0
449,2014,1,10,2.5,3,4,,1.73,4.6700001,1.67,3.0999999,0,,,,,,,,,
449,2015,1,11,2,2.75,4.3299999,0,.5,4.6700001,5,3.4000001,1,2.5,3,3,4,,1.73,4.6700001,1.67,0
449,2016,1,12,2,3,4,9,2.4000001,4,3.6700001,3.5999999,0,2,3,2.75,4.3299999,0,.5,4.6700001,5,1
450,2014,1,22,3.25,3.25,3.3299999,,1.9099998,3.3299999,2,4.4000001,1,,,,,,,,,
450,2015,1,23,2.75,2.5,3.6700001,1,1.8000002,3.3299999,3.6700001,3.2,0,3.25,4,3.25,3.3299999,,1.9099998,3.3299999,2,1
450,2016,1,24,3.25,2.75,3.3299999,4,1.1999998,3.3299999,3.3299999,4.9000001,1,2.75,3,2.5,3.6700001,1,1.8000002,3.3299999,3.6700001,0
451,2014,1,5,3.25,3.25,3.6700001,,1.27,3.6700001,2.6700001,4.9000001,0,,,,,,,,,
451,2015,1,6,3.75,3.25,4,0,.099999905,3.3299999,3.9400001,3.4000001,0,3.25,4,3.25,3.6700001,,1.27,3.6700001,2.6700001,0
451,2016,1,7,4.25,3,5,0,.5,3.3299999,3.3299999,4.5,1,3.75,3,3.25,4,0,.099999905,3.3299999,3.9400001,0
452,2014,1,15,3.75,3.5,3,,1.5500002,3.3299999,2,3.9000001,0,,,,,,,,,
452,2015,1,16,3.5,2.75,3.6700001,0,.4000001,2.3299999,3.3299999,3.5999999,1,3.75,3,3.5,3,,1.5500002,3.3299999,2,0
452,2016,1,17,3.25,3.75,3.3299999,0,.80000019,3.6700001,4,2.5,1,3.5,3,2.75,3.6700001,0,.4000001,2.3299999,3.3299999,1
453,2014,1,22,3.75,4,3.6700001,,1.0900002,3,1,3.5999999,1,,,,,,,,,
453,2015,1,23,3,4.25,3,1,2.3000002,2.6700001,3,3.8,0,3.75,3,4,3.6700001,,1.0900002,3,1,1
453,2016,1,24,3,3.5,3,0,1,3.6700001,3.6700001,3.3,0,3,3,4.25,3,1,2.3000002,2.6700001,3,0
454,2014,1,15,4,4,4,,.90999985,3.3299999,1.33,2.0999999,1,,,,,,,,,
454,2015,1,16,3.5,3.75,5,3,2.3000002,2.6700001,4,1.4,0,4,2,4,4,,.90999985,3.3299999,1.33,1
454,2016,1,17,3.5,4.5,4,0,.30000019,2.3299999,3.6700001,1.3,0,3.5,1,3.75,5,3,2.3000002,2.6700001,4,0
455,2014,1,1,3,3.75,3,,2.73,3,2,2.5999999,0,,,,,,,,,
455,2015,1,2,3.25,4.75,4,2,1.6999998,2,4.3299999,1.6,0,3,2,3.75,3,,2.73,3,2,0
455,2016,1,3,3.75,4.25,4.3299999,1,2.6999998,3.0599999,4.3299999,3.9000001,0,3.25,1,4.75,4,2,1.6999998,2,4.3299999,0
456,2014,1,7,3.25,3.75,4.6700001,,1.4499998,4.6700001,2.6700001,3.4000001,0,,,,,,,,,
456,2015,1,8,2.25,4.5,5,0,1.3000002,5,4.3299999,2.4000001,1,3.25,3,3.75,4.6700001,,1.4499998,4.6700001,2.6700001,0
456,2016,1,9,3,3.5,4.6700001,0,1.6999998,5.6700001,3.6700001,3.0999999,1,2.25,2,4.5,5,0,1.3000002,5,4.3299999,1
457,2014,1,28,1.75,1,2.3299999,,6,4.3299999,4.3299999,4.6999998,1,,,,,,,,,
457,2015,1,29,2.25,2,2.6700001,0,4.9000001,3.3299999,3.9400001,3.5,1,1.75,4,1,2.3299999,,6,4.3299999,4.3299999,1
457,2016,1,30,2.5,2,3.3299999,0,5.8000002,2.3299999,3.6700001,2.2,0,2.25,3,2,2.6700001,0,4.9000001,3.3299999,3.9400001,1
459,2014,1,5,2.75,3,3,,2.3600001,4.3299999,3,4.3000002,1,,,,,,,,,
459,2015,1,6,2,2.25,2.3299999,0,1.1999998,5,2.6700001,4.9000001,1,2.75,4,3,3,,2.3600001,4.3299999,3,1
459,2016,1,7,2.5,2.5,2.3299999,2,2.6999998,5.6700001,3.3299999,4.4000001,1,2,4,2.25,2.3299999,0,1.1999998,5,2.6700001,1
460,2014,1,15,3.75,3.25,4,,2.27,4.3299999,1.33,2.0999999,0,,,,,,,,,
460,2015,1,16,4.5,4.25,5,25,1.0999999,5,5,3.5999999,0,3.75,2,3.25,4,,2.27,4.3299999,1.33,0
460,2016,1,17,4.75,3.25,5,0,2.4000001,5,5,3.5999999,0,4.5,3,4.25,5,25,1.0999999,5,5,0
461,2014,1,10,3.5,3,3,,2.1799998,4.6700001,2.3299999,4,0,,,,,,,,,
461,2015,1,11,3.25,2.75,3,2,1,5.3299999,3.6700001,3.5,0,3.5,3,3,3,,2.1799998,4.6700001,2.3299999,0
461,2016,1,12,3.5,3,3.3299999,0,2.1999998,6,3.6700001,3.3,0,3.25,3,2.75,3,2,1,5.3299999,3.6700001,0
462,2014,1,1,2.5,2.5,3.6700001,,2.4499998,4.3299999,3,4,0,,,,,,,,,
462,2015,1,2,2.75,2.25,4.3299999,2,1.1999998,4.6700001,5,1.2,0,2.5,3,2.5,3.6700001,,2.4499998,4.3299999,3,0
462,2016,1,3,3.5,2.5,5,1,1.9000001,5.6700001,3.3299999,3.5,0,2.75,1,2.25,4.3299999,2,1.1999998,4.6700001,5,0
463,2014,1,1,2,2.75,3,,2.6399999,5.6700001,2.3299999,6,0,,,,,,,,,
463,2015,1,2,1.5,2.5,3.6700001,1,1.4000001,5.3299999,3,2.0999999,1,2,5,2.75,3,,2.6399999,5.6700001,2.3299999,0
463,2016,1,3,2.25,3.25,4,0,1.8000002,5,3.3299999,5.3000002,0,1.5,2,2.5,3.6700001,1,1.4000001,5.3299999,3,1
464,2014,1,17,3.5,4,3.6700001,,1.4499998,3.3299999,2,3,1,,,,,,,,,
464,2015,1,18,2.75,5,3.6700001,1,1.3000002,2,5,3.5,0,3.5,2,4,3.6700001,,1.4499998,3.3299999,2,1
464,2016,1,19,3.5,4.25,4.3299999,0,1.0999999,3,4.6700001,4.5,1,2.75,3,5,3.6700001,1,1.3000002,2,5,0
465,2014,1,17,3.5,4,4,,1.73,3.3299999,2,5.8000002,1,,,,,,,,,
465,2015,1,18,2.75,3.25,4,0,1.5999999,3,5,4.3000002,1,3.5,5,4,4,,1.73,3.3299999,2,1
465,2016,1,19,3.25,2.75,4.3299999,3,1.1999998,3.3299999,3.3299999,5.9000001,0,2.75,4,3.25,4,0,1.5999999,3,5,1
466,2014,2,15,3.5,3,3,,1.73,4,3,4.6999998,0,,,,,,,,,
466,2015,2,16,3,2.5,3.6700001,2,.4000001,3.6700001,3.3299999,5,1,3.5,4,3,3,,1.73,4,3,0
466,2016,2,17,2.75,3,4,2,2.3000002,4,3.3299999,3.5999999,0,3,4,2.5,3.6700001,2,.4000001,3.6700001,3.3299999,1
467,2014,1,5,2.5,2.75,3.3299999,,3,3.6700001,3.3299999,3.7,0,,,,,,,,,
467,2015,1,6,1.75,2.75,2.3299999,0,1.9000001,2.6700001,4.6700001,2.4000001,1,2.5,3,2.75,3.3299999,,3,3.6700001,3.3299999,0
467,2016,1,7,1.5,2,1.67,0,3.8,2.6700001,4.3299999,2.8,1,1.75,2,2.75,2.3299999,0,1.9000001,2.6700001,4.6700001,1
468,2014,1,12,4,4,4,,1,3,2,3.4000001,0,,,,,,,,,
468,2015,1,13,4.5,4.75,4.6700001,0,2.4000001,3.3299999,3,3,0,4,3,4,4,,1,3,2,0
468,2016,1,14,4.25,3.75,3.6700001,0,1.0999999,3.3299999,3.6700001,3.5,0,4.5,3,4.75,4.6700001,0,2.4000001,3.3299999,3,0
469,2014,1,14,3.5,3,3,,1.3600001,4,2,4.3000002,1,,,,,,,,,
469,2015,1,15,4.25,4,2,8,1.1999998,3.6700001,4.3299999,3.0999999,0,3.5,4,3,3,,1.3600001,4,2,1
469,2016,1,16,4.25,4,1.33,0,1.1999998,3.3299999,4.3299999,3,1,4.25,3,4,2,8,1.1999998,3.6700001,4.3299999,0
470,2014,1,1,4,2.75,4,,.73000002,4.6700001,1,3.9000001,0,,,,,,,,,
470,2015,1,2,3.25,2.75,3.3299999,1,2.1999998,4.3299999,5,1.7,0,4,3,2.75,4,,.73000002,4.6700001,1,0
470,2016,1,3,3.75,2.25,2.6700001,5,1,4.3299999,5,1.5,0,3.25,1,2.75,3.3299999,1,2.1999998,4.3299999,5,0
471,2014,1,15,2.25,3,4,,3.3599999,4.6700001,1.67,3.2,0,,,,,,,,,
471,2015,1,16,3.25,3.5,3.3299999,0,2.0999999,5,3.3299999,3.0999999,1,2.25,3,3,4,,3.3599999,4.6700001,1.67,0
471,2016,1,17,3.75,2.75,4,0,2.9000001,4.3299999,3.6700001,3.7,0,3.25,3,3.5,3.3299999,0,2.0999999,5,3.3299999,1
472,2014,1,2,3,2,4.3299999,,2.5500002,5.6700001,4,4,0,,,,,,,,,
472,2015,1,3,3.25,1.25,4,8,1.4000001,4.3299999,3.6700001,3.7,0,3,3,2,4.3299999,,2.5500002,5.6700001,4,0
472,2016,1,4,2.75,1.75,3.6700001,0,3,3.3299999,3.3299999,4.3000002,1,3.25,3,1.25,4,8,1.4000001,4.3299999,3.6700001,0
473,2014,1,5,3.25,3,4.6700001,,3,4,2,4.9000001,1,,,,,,,,,
473,2015,1,6,3.5,3,3.6700001,2,1.6999998,4.3299999,2.3299999,3.8,1,3.25,4,3,4.6700001,,3,4,2,1
473,2016,1,7,3,3.75,3.3299999,0,3.7,3.6700001,2.6700001,2.0999999,1,3.5,3,3,3.6700001,2,1.6999998,4.3299999,2.3299999,1
474,2014,1,5,3.75,3.5,3,,1.3600001,3.3299999,1.67,5.1999998,1,,,,,,,,,
474,2015,1,6,4,3.5,3.3299999,1,1.3000002,3,4.5999999,4.5999999,1,3.75,5,3.5,3,,1.3600001,3.3299999,1.67,1
474,2016,1,7,4.5,3.5,2.6700001,1,1.5,2.3299999,4.3299999,2.8,1,4,4,3.5,3.3299999,1,1.3000002,3,4.5999999,1
475,2014,1,3,3.5,3,4,,1.5500002,3.6700001,3,4.5999999,1,,,,,,,,,
475,2015,1,4,4,2.5,3.6700001,2,1.5,3.6700001,5,5,0,3.5,4,3,4,,1.5500002,3.6700001,3,1
475,2016,1,5,3.5,2.75,3.6700001,6,2.3000002,2.6700001,5,4.8000002,1,4,5,2.5,3.6700001,2,1.5,3.6700001,5,0
476,2014,1,25,3,3,3,,1.5500002,4,3,4.6999998,1,,,,,,,,,
476,2015,1,26,2.75,3.25,2.3299999,0,.30000019,3.6700001,4,3.3,1,3,4,3,3,,1.5500002,4,3,1
476,2016,1,27,3.5,4.25,2,0,1.6999998,4.3299999,4.3299999,3.7,0,2.75,3,3.25,2.3299999,0,.30000019,3.6700001,4,1
477,2014,1,1,3.75,2.75,4,,1.6399999,3,2.3299999,4.4000001,1,,,,,,,,,
477,2015,1,2,3.5,2.25,4,0,.4000001,4,3,4.1999998,1,3.75,4,2.75,4,,1.6399999,3,2.3299999,1
477,2016,1,3,3,2.5,5,0,.80000019,3.3299999,2.6700001,3.4000001,0,3.5,4,2.25,4,0,.4000001,4,3,1
478,2014,1,2,4,4,4.3299999,,1.0900002,3,1.67,5.6999998,0,,,,,,,,,
478,2015,1,3,4.25,4,4.3299999,0,1,2,3.9400001,2,1,4,5,4,4.3299999,,1.0900002,3,1.67,0
478,2016,1,4,4.25,4,3.3299999,0,1.5999999,3.3299999,4.3299999,3.4000001,0,4.25,2,4,4.3299999,0,1,2,3.9400001,1
479,2014,2,8,3.75,4,3.6700001,,1.0900002,3,2,4.8000002,1,,,,,,,,,
479,2015,2,9,3.5,3.25,3.3299999,0,2.4000001,4,4,3,0,3.75,4,4,3.6700001,,1.0900002,3,2,1
479,2016,2,10,4.25,4.25,3.6700001,0,1.3000002,3.3299999,3.6700001,3.0999999,1,3.5,3,3.25,3.3299999,0,2.4000001,4,4,0
480,2014,2,17,3,3,3.3299999,,3.3599999,4,3.6700001,5.4000001,0,,,,,,,,,
480,2015,2,18,2.5,2.75,2.6700001,0,2.1999998,3,5,4.0999999,1,3,5,3,3.3299999,,3.3599999,4,3.6700001,0
480,2016,2,19,2.25,3.75,1.67,1,3.4000001,3.6700001,3.3299999,4.3000002,1,2.5,4,2.75,2.6700001,0,2.1999998,3,5,1
481,2014,2,1,3,3.25,4,,3.27,3,4,3.0999999,0,,,,,,,,,
481,2015,2,2,3.75,3.25,3,16,2.0999999,3.6700001,5,3.5,0,3,3,3.25,4,,3.27,3,4,0
481,2016,2,3,3.25,3.5,3.6700001,0,2.5999999,4,4.6700001,3.0999999,1,3.75,3,3.25,3,16,2.0999999,3.6700001,5,0
482,2014,1,3,3.5,3.5,4,,1.1799998,3,3.6700001,2.5999999,1,,,,,,,,,
482,2015,1,4,3,3.75,4,0,0,2.6700001,5,2.3,1,3.5,2,3.5,4,,1.1799998,3,3.6700001,1
482,2016,1,5,3.25,4,3.3299999,11,.69999981,3.3299999,4.6700001,2,1,3,2,3.75,4,0,0,2.6700001,5,1
483,2014,1,24,3.75,4,4,,1.4499998,3.3299999,2.6700001,6,0,,,,,,,,,
483,2015,1,25,4.5,3.75,4.6700001,1,.30000019,3.3299999,2.3299999,2.5999999,1,3.75,5,4,4,,1.4499998,3.3299999,2.6700001,0
483,2016,1,26,5,4.5,4.6700001,1,1.1999998,2.6700001,2,2.7,1,4.5,2,3.75,4.6700001,1,.30000019,3.3299999,2.3299999,1
484,2014,1,5,3.25,3,3.6700001,,2.0900002,4,2.3299999,3.5,0,,,,,,,,,
484,2015,1,6,2.25,3.25,4,18,.9000001,3,3.9400001,2.3,1,3.25,3,3,3.6700001,,2.0900002,4,2.3299999,0
484,2016,1,7,2.75,2.75,4,1,1.5999999,2.3299999,4,2.2,1,2.25,2,3.25,4,18,.9000001,3,3.9400001,1
485,2014,1,2,4,4,4,,.90999985,3,2,2.7,1,,,,,,,,,
485,2015,1,3,3,3.25,3.6700001,0,2.3000002,3,4,2.2,0,4,2,4,4,,.90999985,3,2,1
485,2016,1,4,3,3,3.6700001,2,.69999981,2.6700001,4,1,0,3,2,3.25,3.6700001,0,2.3000002,3,4,0
486,2014,1,5,3.5,4,3.6700001,,1,3,2,3.0999999,1,,,,,,,,,
486,2015,1,6,3.5,5,3,6,2.3000002,2.3299999,2.3299999,3.4000001,1,3.5,3,4,3.6700001,,1,3,2,1
486,2016,1,7,3,4.25,2.6700001,1,.5999999,2,3,3.4000001,1,3.5,3,5,3,6,2.3000002,2.3299999,2.3299999,1
487,2014,1,22,3.5,4,4.6700001,,2.9099998,3,3,4.8000002,1,,,,,,,,,
487,2015,1,23,4.5,3.75,5,4,1.8000002,3.3299999,5,4.9000001,1,3.5,4,4,4.6700001,,2.9099998,3,3,1
487,2016,1,24,4.75,3,4.3299999,0,3.4000001,3.6700001,3.6700001,5.4000001,1,4.5,4,3.75,5,4,1.8000002,3.3299999,5,1
488,2014,1,30,3,3,3,,1.4499998,4.6700001,2.3299999,4.9000001,1,,,,,,,,,
488,2015,1,31,3.5,3,3.3299999,2,1.4000001,4.6700001,5,5.5999999,0,3,4,3,3,,1.4499998,4.6700001,2.3299999,1
488,2016,1,32,3.75,2,4,0,1.3000002,3.6700001,3.3299999,4.0999999,1,3.5,5,3,3.3299999,2,1.4000001,4.6700001,5,0
489,2014,1,1,3.75,3.5,4,,2.3600001,4,2,4.3000002,1,,,,,,,,,
489,2015,1,2,4.25,4.25,4,0,1.1999998,4.6700001,5,4.8000002,1,3.75,4,3.5,4,,2.3600001,4,2,1
489,2016,1,3,4,3.75,4,0,3.0999999,4,3.3299999,4,0,4.25,4,4.25,4,0,1.1999998,4.6700001,5,1
491,2014,1,3,4.25,4.25,4,,.63999987,3.3299999,2,4.6999998,1,,,,,,,,,
491,2015,1,4,3.5,4.75,5,2,2,4,3.3299999,2.5,1,4.25,4,4.25,4,,.63999987,3.3299999,2,1
491,2016,1,5,4,4.25,4.3299999,4,.30000019,3.6700001,3,4.4000001,1,3.5,2,4.75,5,2,2,4,3.3299999,1
492,2014,1,1,4,3.25,3,,1,4,3.3299999,3.7,0,,,,,,,,,
492,2015,1,2,5,3.75,2.6700001,0,2.4000001,5,3,3.5999999,0,4,3,3.25,3,,1,4,3.3299999,0
492,2016,1,3,5,3.25,2.3299999,0,.9000001,5.6700001,2.6700001,4.5999999,1,5,3,3.75,2.6700001,0,2.4000001,5,3,0
493,2014,1,28,3.75,4,4,,1.4499998,3,2,3.5,0,,,,,,,,,
493,2015,1,29,3.5,3.5,4.6700001,28,.19999981,2.3299999,3.6700001,3.4000001,0,3.75,3,4,4,,1.4499998,3,2,0
493,2016,1,30,3.75,3.5,4.3299999,0,1.5,3.3299999,4,3.4000001,0,3.5,3,3.5,4.6700001,28,.19999981,2.3299999,3.6700001,0
494,2014,1,2,4,4,4.3299999,,.63999987,3,1,2.8,1,,,,,,,,,
494,2015,1,3,4,3.75,5,1,1.9000001,2.3299999,4.3299999,2,0,4,2,4,4.3299999,,.63999987,3,1,1
494,2016,1,4,3.25,4.25,3.6700001,9,1.3000002,2.3299999,5,1.3,1,4,1,3.75,5,1,1.9000001,2.3299999,4.3299999,0
